RightUpLeg.X,RightUpLeg.Y,RightUpLeg.Z,RightLeg.X,RightLeg.Y,RightLeg.Z,RightFoot.X,RightFoot.Y,RightFoot.Z,LeftUpLeg.X,LeftUpLeg.Y,LeftUpLeg.Z,LeftLeg.X,LeftLeg.Y,LeftLeg.Z,LeftFoot.X,LeftFoot.Y,LeftFoot.Z
-1.86716,15.77786,-27.58356,-1.7374217511163168,8.345328454962562,-27.58356,-1.6017910488759666,0.5752916188652081,-27.58356,1.26604,15.77786,-27.58357,1.134401013188418,8.236126469196144,-27.58357,0.9996914952666816,0.5186612977048402,-27.58357
-1.996891983968969,15.881576668805776,-27.621541532242368,-1.8400460168355008,8.501811139352785,-28.501210364298736,-1.7675662171268718,8.443118093456118,-36.27187120664011,1.1254615539205264,15.633320056345179,-27.700403937091213,0.5261730095681596,8.830784538382852,-24.49705611957763,-0.07399502953459569,1.342084857927829,-26.26809839693646
-1.9830891894700369,15.80529088593534,-27.105586769253648,-1.9615513027369385,8.389087234732905,-27.614327080735574,-1.7725578259818011,8.526743508038223,-35.38202946547353,1.1396397609997173,15.568370814807317,-27.202411465972823,0.4962984085925689,8.737248558212611,-24.069209574578124,-0.10231048461798052,1.350634686125538,-26.22722213827187
-1.9625949876812119,15.711527540976824,-26.60105984987083,-2.0788722066549044,8.279478978481897,-26.703485209351676,-1.7784015914127789,8.555107048076367,-34.46400160314453,1.1609251150687143,15.489537932696473,-26.707290832322393,0.4751273911906577,8.6036277747106,-23.705791831727748,-0.12194531991619327,1.314352647340035,-26.173055016422147
-1.9273974027340783,15.621253430133702,-26.103019955922647,-2.2004310792621355,8.199333217556436,-25.786934285860525,-1.7897257781374851,8.557479157279866,-33.539025665816496,1.1996551525385264,15.460228436601223,-26.21507131968472,0.4692981174709312,8.51406052120344,-23.36684320997762,-0.13197940742089087,1.3257573583618107,-26.113509972535642
-1.8889851152758568,15.508652677021058,-25.63647044888368,-2.332300908468856,8.127656375401822,-24.872453509157317,-1.8118915116155636,8.50842335765267,-32.61687464224366,1.2415190428750642,15.438776249865015,-25.74602975167309,0.4677324485586842,8.428150748161876,-23.072556756891608,-0.14543742146441074,1.340632842200769,-26.067306825023604
-1.860302924634792,15.413527416555386,-25.186363473344283,-2.4520407361164684,8.105637647142949,-23.960006811610064,-1.8342039917296304,8.422784732092893,-31.70013365847073,1.2714283397733657,15.419256038946711,-25.2821168571695,0.4588451145773527,8.33585504035894,-22.8203670185718,-0.15119221818904285,1.3506661952196763,-26.047193102787258
-1.8644156379822177,15.371223255443661,-24.725538147542252,-2.5310144856535333,8.159546801922469,-23.05020955672455,-1.8489016975897288,8.326540559236625,-30.789634816463014,1.2674121924336166,15.374022297419147,-24.81821417517007,0.4460186605101775,8.217301631924117,-22.581758171960807,-0.15904421925698942,1.3388135644551884,-26.03106478990817
-1.8625776305192905,15.346916043757306,-24.258566850238942,-2.5685998188398287,8.250670234253155,-22.159951768359022,-1.8620342251845177,8.200943409282406,-29.898825098918252,1.269026499361809,15.340827731335779,-24.358370388570513,0.4430118712766675,8.113148882198384,-22.3650235144863,-0.17070420343477896,1.3459697506079662,-26.026451447411908
-1.8478195811982572,15.334614674052071,-23.77585723310546,-2.585876587352732,8.36823719850219,-21.28904925800615,-1.8751383839356524,8.042915291557502,-29.0208592003654,1.2835822754718085,15.339829117900768,-23.88186412778036,0.4560161316964082,8.040018831817704,-22.17219236472975,-0.19148043513223525,1.3829686273572994,-26.024704025794357
-1.834435229052244,15.314656209120619,-23.285295651575755,-2.585053684738748,8.494786650237389,-20.4242978684587,-1.8881381464688793,7.8419816860525025,-28.13662712316208,1.2969535026572492,15.33223336463093,-23.390357036617928,0.4644542644655749,7.968098815817044,-21.98624135837914,-0.21803720372634028,1.414787958185742,-26.00690517502645
-1.8210443287853983,15.384544998533693,-22.76273003944277,-2.5659149099768825,8.705407347710512,-19.585680269635613,-1.8978962744485883,7.6486534753205255,-27.25567964887129,1.31027719015222,15.410828274150285,-22.86797724634665,0.4774267874981262,7.988206229660507,-21.816256910918387,-0.22834198314895596,1.5327484726206295,-25.98835121915891
-1.8130337889284067,15.444238788139947,-22.242237776906,-2.5339461053389725,8.914850124162108,-18.76276564913069,-1.9077729739561025,7.424335499068334,-26.3639590740881,1.3176591237284132,15.487774603745125,-22.359748455143986,0.4948449736035505,8.024285839715175,-21.642541500316455,-0.2255001026404073,1.6582218936190838,-25.947393197268
-1.8015740646626852,15.498847019813276,-21.717258352201505,-2.4869411256523333,9.113809870124573,-17.972805151798863,-1.9224134558902617,7.1695130623707195,-25.47566371071701,1.3280657001987803,15.565163861004367,-21.851046464051194,0.5200758054075116,8.074673712857308,-21.483918226337128,-0.2205355112625416,1.7929751561673175,-25.907624076402122
-1.7863779802288384,15.533039507476502,-21.19925465466334,-2.428588825571082,9.293374279974124,-17.210081775478667,-1.9302837306515448,6.885163628435777,-24.58192561619413,1.3417615471844124,15.625006907801296,-21.351659819970497,0.5522667875874592,8.123589749424058,-21.329029904538025,-0.21286147740014227,1.9272135691309142,-25.867412468603426
-1.7814778689367832,15.609082057158007,-20.657689143680027,-2.366053510748776,9.493082511614721,-16.472933707682078,-1.924579665475901,6.6052920276078035,-23.674158262306037,1.344539532384513,15.716951111103556,-20.840231505715092,0.5871947620890996,8.218745423076442,-21.153941294284067,-0.18705195698217286,2.0895548785941966,-25.78114137801038
-1.779751317360578,15.691277101200626,-20.10425659382989,-2.2948140027357833,9.689156493717164,-15.748959149962662,-1.914172041569452,6.310786113097197,-22.737062854863524,1.343458190494053,15.820404494096866,-20.318337715254124,0.6270225650447552,8.337699888462794,-20.943577870642226,-0.1450520709746792,2.2520496378982497,-25.628252577771754
-1.7919835883004172,15.788916297548676,-19.549250266392622,-2.2052029275003817,9.88283243862703,-15.05405500808666,-1.904767474164777,6.007388952473344,-21.783285606432056,1.3300794254894002,15.913553498683438,-19.78190955831739,0.6575112228397564,8.459303319960295,-20.718328139022912,-0.09783400530762963,2.3987058163469586,-25.438076735390183
-1.8087551519792424,15.884627665883722,-18.999500586971273,-2.113653261977304,10.060734878500664,-14.38987293120696,-1.8963971721964104,5.697582072687526,-20.816969126712202,1.3138867650364638,15.997548028717675,-19.23036567712984,0.6842645719270013,8.587661742647919,-20.49220346145845,-0.043181502007302315,2.547289528613639,-25.242165677396606
-1.8131304892417617,15.971889835477011,-18.444395438313478,-2.0297556847429483,10.216036819270784,-13.745184146862133,-1.8903166039173152,5.383598745479934,-19.829587743552203,1.309922491222817,16.086533467467113,-18.66875933682532,0.7155149167476946,8.738396417712455,-20.264577310758916,0.01936707024632489,2.7119702575553752,-25.03689134478747
-1.812399277374752,16.064808965682005,-17.88393504081297,-1.9497486161409163,10.359447346500982,-13.120602054896846,-1.8746322937239663,5.075171497446188,-18.818202814067572,1.3107406074165708,16.18608265500594,-18.103553328765965,0.7483482677355346,8.912643401543681,-20.02080911633384,0.09155867683568042,2.8760025586966123,-24.785786565929605
-1.813691350626148,16.15545780414872,-17.318135696644045,-1.877505431371708,10.484702827098324,-12.512116248643782,-1.850937709037908,4.774807125683822,-17.78357272259841,1.3101109356921985,16.275288441741722,-17.528948728466865,0.7766063460858691,9.091307878512099,-19.765211144308967,0.17497136901684351,3.024813467990069,-24.49945831243107
-1.8242088621804295,16.238933325573402,-16.74999522147152,-1.8186656917885191,10.584953011232173,-11.923833904285376,-1.8271478191573267,4.4825307520845845,-16.7355112361807,1.3011732260185234,16.344159370767088,-16.944562747739514,0.7951627089125823,9.271363556457594,-19.516446531693266,0.2622405766714162,3.168816134268861,-24.212436766809308
-1.8260097159961624,16.30016318638009,-16.199875798642086,-1.7802087557569826,10.654614735097276,-11.364067475573506,-1.8155126876651089,4.192873647921464,-15.681071514996653,1.3014177326806522,16.407950031149436,-16.356470145466933,0.810404209235962,9.473439252831641,-19.283335270082127,0.3228089164227281,3.325219626286832,-23.92435472507212
-1.8180089148062597,16.37727094782492,-15.647685681535243,-1.7406673174044136,10.712207870788793,-10.835156638327993,-1.806666164950772,3.9314451247497386,-14.6310450528828,1.310802060080897,16.493793879248194,-15.765611632785205,0.8351352242621779,9.725731564807417,-19.061388785695996,0.3795050538448321,3.522052916963287,-23.63131085390332
-1.8016698134388616,16.462867383667366,-15.083039913274385,-1.6896874307263872,10.75576003294112,-10.32113453680495,-1.7839656053227713,3.697225556544661,-13.570760791163645,1.3275811409021798,16.593995577568673,-15.169850636228738,0.8804061155302381,10.0302920660456,-18.859417573147386,0.4531700610286249,3.756702463167402,-23.33568367066577
-1.7880646647070206,16.53628676335577,-14.519730098533056,-1.65102931499449,10.772623058790504,-9.827101922893508,-1.766203217528396,3.481604947661716,-12.514044050492663,1.3415068297238673,16.675144358284527,-14.578407774664788,0.9574514411466376,10.410869129007782,-18.762476462303013,0.5644439155926282,4.00062878211812,-23.04403915685343
-1.7644423741676225,16.590204374423163,-13.962582092251205,-1.6094199123937267,10.759056872842926,-9.354649363536502,-1.7413516882642557,3.2840047718760492,-11.475511974845006,1.3645906610475205,16.74528819480599,-14.0077873274323,0.9958141994970856,10.574605441271961,-18.330026532884034,0.6184416211415669,4.260138412020506,-22.752979324967804
-1.734260040274162,16.628554300555056,-13.405508378391712,-1.5574917021290398,10.71694522255358,-8.902066556327176,-1.715117863089531,3.1080879756868542,-10.474425774789859,1.3931034596037646,16.814207190758598,-13.45103621702213,1.0328958245345976,10.740918586751802,-17.909790467323333,0.6642917400415682,4.526115136772272,-22.47243930702353
-1.7129059013406769,16.655582951290267,-12.859357404452085,-1.503529436006979,10.660228290237225,-8.469455222722521,-1.6819703617146693,2.9610942632071806,-9.51030208540729,1.4126494159098395,16.870740297983208,-12.898772059988787,1.0060985321014115,10.710296157093612,-17.23221386049259,0.6526843084888077,4.8056882110583325,-22.190854674018546
-1.6767349513171823,16.662221386263038,-12.308806968774507,-1.4461019978839478,10.581923110264066,-8.038427770521192,-1.6320822240157171,2.832105908259588,-8.583966781686701,1.4457595558065957,16.918949304135555,-12.341381026960011,0.9835989320581152,10.670144086793083,-16.540656486616108,0.6571964395710976,5.098840315165714,-21.872771547691674
-1.6439833346157509,16.65583694695163,-11.753306551120579,-1.3843193114606556,10.490985726069596,-7.607641200339332,-1.5726647934481006,2.7229035933195247,-7.72294115681817,1.4751243234125992,16.951520959242785,-11.779395295902665,0.9697277843520652,10.633454773874368,-15.868611295102243,0.6965681774391259,5.400765792694912,-21.53621794895485
-1.6285026823468756,16.631331607816726,-11.209441198880091,-1.3234861761753811,10.391334955851919,-7.180947200419746,-1.5093857327055142,2.6261847206947664,-6.936506405909711,1.4882080596322282,16.952088572862152,-11.222531665140414,0.9500847654798914,10.573640176255763,-15.212631017865867,0.7600363913140331,5.715371075530995,-21.20750535248039
-1.5935284935960865,16.590871990548088,-10.665129435660248,-1.2652045005944492,10.27739267953806,-6.754689623277524,-1.432476914488281,2.525704106086467,-6.230082797673683,1.5188966859414876,16.950910435010947,-10.67626767561392,0.9370006445430776,10.489676082768698,-14.524503779975188,0.8455342119600042,6.0292595642261855,-20.82321267150396
-1.5567938474573784,16.55660128278943,-10.109450497394695,-1.2188284995779677,10.168970021883169,-6.322195095454418,-1.3454337945438637,2.4321440980268183,-5.602915007497761,1.5516324209933892,16.949547014896634,-10.124351011612882,0.9245565440861668,10.379215820840823,-13.775733943806955,0.8793201501830503,6.332834676546287,-20.348569605160755
-1.5847494623687282,16.545529739542953,-9.573756666477687,-1.1973578676313523,10.089316628822154,-5.90952452283781,-1.2469886305423494,2.365275163151363,-5.055950656279632,1.5281950597434941,16.901081181969122,-9.563666367166832,0.8854200982808988,10.224490548914817,-13.014036106778553,0.9135732237673412,6.6119517942080686,-19.8350467705048
-1.6152110820976382,16.514195196705188,-9.052609120349539,-1.1942162080708578,9.993379893908116,-5.508446555786411,-1.146347327984604,2.2787044672775068,-4.57390936885316,1.5021734588933189,16.825198771638888,-9.006428604230052,0.8474615014139766,10.044116295120276,-12.244228192204229,0.9446904789167214,6.889556570143611,-19.288141507605612
-1.6143383300077914,16.478059661261483,-8.505252318734861,-1.1873281150477513,9.876279533548082,-5.11504309173305,-1.035951214671961,2.164645255345436,-4.1665443226339365,1.504440630822548,16.771285016239787,-8.440607715094039,0.827072397166382,9.896129345654984,-11.468557558430149,0.9754640497739622,7.2245794758073885,-18.708600136879102
-1.6304717554480601,16.42153644619569,-7.956453971621268,-1.184235287470061,9.748353794359344,-4.7116329455742285,-0.9265948632290748,2.0310250030445136,-3.835090955570269,1.4909332229109455,16.679809094194837,-7.872379953808843,0.8211202696584994,9.71427120616977,-10.687998182660627,0.9980787988316032,7.537423011477388,-18.09120241755901
-1.6662853739984822,16.367925783690232,-7.411347124703164,-1.1753208415907628,9.635228732459352,-4.298614976659467,-0.7975365299986246,1.906953277822732,-3.5754928342270964,1.4585621228809384,16.57441063744166,-7.3131923157650816,0.8303251086787475,9.499662484526118,-9.85254859232504,1.0076089556605758,7.766670955147878,-17.372038343904105
-1.6751584146603382,16.286670085590373,-6.867576204788957,-1.160677299464674,9.503837989311725,-3.8696010352788472,-0.6865085835127882,1.7637973683290866,-3.3608738627676544,1.4508791898362428,16.471143439398205,-6.763649706203805,0.8754269325228776,9.310905432987381,-9.064718993209928,1.0199780775260008,8.064698590542545,-16.680721146552713
-1.685484066113339,16.240726761613544,-6.314230674065953,-1.1535846974593067,9.420672149098957,-3.4050563367076823,-0.564215316136043,1.6740091298122548,-3.2214156013723487,1.4415009687284903,16.39868505182713,-6.196095114101807,0.9492098517532612,9.147339352536019,-8.213694796402443,1.0185246987297274,8.355222201625876,-15.89127001248614
-1.7328618100388042,16.20562671860821,-5.768586953227169,-1.1485148138553405,9.357059431735363,-2.9375055544633573,-0.4681465960955342,1.6190905683126935,-3.167299111082316,1.3953070079409229,16.308585019245765,-5.624012838500009,1.072175829582768,8.972602698708119,-7.348548459132989,1.0134191173501363,8.614480038027331,-15.058652941957753
-1.7959228488339978,16.056695464050293,-5.281156281061333,-1.1204921761984892,9.209709001746711,-2.4665644860234495,-0.3738667358453922,1.5031310054690552,-3.1322026465931514,1.3320153671119843,16.103349061451908,-5.10574761772297,1.1843812317850329,8.6964706754435,-6.523996611894202,1.010914498738452,8.796261972302439,-14.240042640592925
-1.8421079936859968,15.967431154816953,-4.781905199167984,-1.0742716599203057,9.129271754855116,-1.9695466575764629,-0.3063567056773515,1.4769266447010496,-3.084799570529938,1.2845491344279598,15.986155027245047,-4.580393760496432,1.343613405174113,8.524413872190177,-5.6822121753823,1.0163207155018088,9.000482520741276,-13.379202071734884
-1.8707962478571265,15.875163463070773,-4.284719922728575,-1.0251969032592283,9.056660379071234,-1.4470563374696748,-0.2666071625309654,1.4827312148755605,-3.0129448209537557,1.2540686739868334,15.88159410422822,-4.056421637182134,1.51488776068956,8.383474431850589,-4.834398664616195,1.021818920013229,9.183483139614426,-12.495618183286586
-1.896092864084951,15.783240463062407,-3.794148160332768,-0.9822061126962828,8.970690372410237,-0.9633656803122044,-0.22843253058239466,1.4945255597372666,-2.945953182128381,1.227279210771492,15.768936503441141,-3.5465910581399385,1.679632838338669,8.249649110121428,-3.9348780200509768,1.0307259354475522,9.272540969229926,-11.557871356224757
-1.92571736494639,15.694906960269568,-3.305596305425245,-0.9487682160594502,8.86909522423554,-0.5283275597131492,-0.18926211529110049,1.500872153554054,-2.878712078312763,1.196401017758967,15.643806283386965,-3.047317840787896,1.8398872763959837,8.128978787835813,-2.95584861342836,1.0475646336123403,9.273022964109524,-10.548002660855648
-1.9840994049750884,15.615944259981225,-2.8404940567579233,-0.9633713793239675,8.746877545774012,-0.1884393901605459,-0.1873796576837712,1.496100575913669,-2.8746892487903684,1.1331731139326844,15.472552777314418,-2.5594368283132445,2.019454613718884,7.993823135839637,-2.137321292750741,1.0627130195616616,9.304077632042542,-9.683531865255961
-2.027573944166825,15.599746744084056,-2.3647443098172265,-1.0019888116956477,8.655090656105557,0.08051316884575721,-0.21392342129275305,1.5275301695869759,-2.914266050590649,1.083672823925952,15.382995207674346,-2.0645700944084373,2.1740495967476976,7.971931951966427,-1.1800965867855129,1.0903119559620236,9.259436899585484,-8.713041499845794
-2.0375689933292853,15.55916020659782,-1.885024197021516,-1.0146181305795277,8.541925544074173,0.3446274360091168,-0.21974889189369406,1.5265728046378246,-2.9026601946718986,1.0737589255324251,15.318473327979767,-1.60457696870083,2.296131438430677,7.9722119267479234,-0.4073625614278693,1.1068721484308257,9.268308004446613,-7.922893988141693
-2.03950208067568,15.510825353793097,-1.4005487165986557,-1.0051268446963562,8.424574226354213,0.5930585695196113,-0.2174144087202512,1.514675612742984,-2.8746032348555195,1.07491269360373,15.272622683609226,-1.1543326696654637,2.3785545979156932,8.030538883374298,0.5033203363031322,1.1332092447500646,9.16506034011227,-7.029235096148058
-2.044597627284052,15.49364586228818,-0.9020419054067866,-0.9913345141304282,8.34803992533618,0.8558857920444615,-0.20258183494295198,1.544702117060984,-2.8162160582951814,1.0719299777403912,15.25519409185225,-0.6844673655438199,2.426847498094539,8.147967537728476,1.4478090456879134,1.1506301034075392,9.019921301910884,-6.114490943206104
-2.062145663963764,15.499392090536471,-0.386040590956677,-0.979839333058082,8.29741884459891,1.1037753547497458,-0.19115869987667852,1.60415652020861,-2.765344756779739,1.0545524088791465,15.241893776139444,-0.19412920275894752,2.469646172716484,8.285843302593149,2.356546182609608,1.1628823313941583,8.859851394978262,-5.228985987270692
-2.0721462715736743,15.509865868898533,0.1334357659502544,-0.9738950205554072,8.254387111400792,1.3213875201624576,-0.19869236530163192,1.6759166618812058,-2.7424352503068787,1.0448921946449474,15.239386392816892,0.30033182112251644,2.456222821919177,8.450855487673833,3.2700233005417583,1.1736139945745665,8.655711071149138,-4.3385484519842485
-2.048908359779404,15.534131821977544,0.6677721384766301,-0.9674964185207444,8.229348785954366,1.5222018846413752,-0.20691323570560005,1.7698090162012985,-2.730764998217839,1.0711949459107246,15.279674474706702,0.7987265593314317,2.3518283252030696,8.672295527858768,4.204250758789268,1.1784893869438395,8.418575553495405,-3.420466759779781
-2.0442689757517094,15.563288292206776,1.168019040234541,-0.9780734884664626,8.22637202865981,1.7086151055112069,-0.21220320781320945,1.865629953098696,-2.689824513614947,1.075241606442114,15.305327424461089,1.3060485964630737,2.2906816319185532,8.816066906182776,4.953962650122252,1.187014356934533,8.210562628530655,-2.661331069969858
-2.0819030300067602,15.625282946146893,1.6302185426227247,-1.0293742898935774,8.270592246672841,1.8753004626121157,-0.23886617134316654,1.9812405009680691,-2.6203663016183283,1.0307475982869416,15.344365375261958,1.85255527969273,2.2287129641465353,8.994113962654367,5.742832834235103,1.1832018051799529,7.961471765103576,-1.8346319024505011
-2.1164636164971413,15.709506025537758,2.1098936636898897,-1.0840063355127456,8.348180546380446,2.044499978584297,-0.2766472582665638,2.1257894384542624,-2.5404633083013635,0.9870853610765936,15.408301582213989,2.416816890609979,2.1291122990853473,9.174800810128428,6.507576730758393,1.1755600672892266,7.696967033527139,-1.0080177764893892
-2.127268869537911,15.804721295960688,2.6440607219424224,-1.119076982398289,8.451372796469544,2.230331166632273,-0.31617505005035085,2.2901383886760005,-2.4372599873734972,0.9709988372337766,15.483317466032902,2.982260419434096,2.0100260412269018,9.348678926402588,7.246261583827066,1.168565471436268,7.413135764038692,-0.1782270924060647
-2.1089014576402385,15.877491795274732,3.2110155234660787,-1.1391556944305732,8.548385506523191,2.4343873343565465,-0.3609249802942576,2.4566648956141908,-2.3276673772045604,0.9901897326349568,15.554520878782586,3.54005324403759,1.8702088458317008,9.537894481938189,8.003330810322666,1.1631576037213391,7.084940412158753,0.7190662489559729
-2.0847294340054527,15.975470345840753,3.800091590510295,-1.1655179072477586,8.687597951893654,2.659335998887078,-0.4197640488028145,2.658617806057066,-2.1870149691529717,1.0166662010333305,15.65555292279734,4.109833737296371,1.7241603999451354,9.767935506656134,8.771430737483847,1.1669427104582257,6.729061373519665,1.6980886860291768
-2.0532844515726483,16.028901789323044,4.362576325265509,-1.193045681687666,8.794014962853463,2.8875308859099302,-0.4852081294278223,2.807846068361064,-2.0172235511564613,1.0503770907663346,15.717518396040466,4.657987315402691,1.6164529485465389,9.8918932349326,9.415793856026779,1.1861572806635483,6.410766249720222,2.540183637404197
-2.025850869253333,16.095223557977754,4.941638863576135,-1.2222472292292743,8.93339601073184,3.119057026058373,-0.5603466054271498,2.9662494876262633,-1.815202600035432,1.081669519578398,15.79274687831859,5.203873741800698,1.50593135338239,10.018068868381237,10.037937172334392,1.1998808949110682,6.080583214175485,3.406198699867809
-2.0157053412945847,16.18040382279336,5.535578258687538,-1.2526295114310906,9.110409962096645,3.3694159220218616,-0.6453452849538808,3.1376179000404862,-1.5650373378044955,1.0958351312137062,15.886370574924664,5.756491312151263,1.4041614999577412,10.170316385228476,10.668388381847832,1.2076702181171008,5.742740147478582,4.348944168748618
-2.023791326135392,16.269610144022437,6.138368701643588,-1.2938225685656954,9.320360770640976,3.6017497036997708,-0.7424093094915327,3.3099645792066275,-1.2934468359101232,1.089737543638078,15.969066227805955,6.31879478515814,1.3123811576429625,10.322130271984225,11.31455474781553,1.212294495471713,5.378172888902601,5.387946663782293
-2.0196705955674235,16.35120577160532,6.7662451326813855,-1.3438317999536444,9.558333203327514,3.8235454581168486,-0.8441557666403896,3.4902963083103935,-1.0056491149091036,1.097133193038759,16.059594651313894,6.898303218206383,1.2343476114558158,10.444655613393998,11.933052991166468,1.2158939810401916,5.0177484073100915,6.444359798112308
-2.009730098683769,16.42441168774224,7.391608891965403,-1.4128666269740957,9.826664382024171,4.019244488875392,-0.958415850769064,3.6694026379555273,-0.7002332818885906,1.1089814569680223,16.145772999567033,7.505367206808678,1.1666039154476708,10.519908152470336,12.529448998238866,1.2180229109951115,4.677169683674856,7.485920610338754
-1.997043667004141,16.490598821469252,8.006428946206839,-1.5100742060721497,10.162630897029416,4.136152486755886,-1.079670599264372,3.8547671709789455,-0.3824176488648412,1.1220372124428144,16.217907247563883,8.124395098510867,1.097453489726042,10.549151464364655,13.100304762433913,1.2171636518157172,4.3498889514608665,8.503324329519469
-1.9866110528776997,16.5489340327935,8.61329956247323,-1.6001406876969029,10.452696081649286,4.377041699563323,-1.1961198846450398,4.079632992966098,-0.051581357332040056,1.1332878460804232,16.27646175918555,8.707808612276995,1.0377730192564298,10.558012668758169,13.625662858851106,1.2220526085659251,4.0286278232013535,9.513414094613104
-1.9967120578230335,16.615772238543695,9.192299344194415,-1.6520240531754358,10.601375347852477,4.8371211157064105,-1.2916829174064317,4.313869665822587,0.2841775968370488,1.123390217643256,16.334687326516455,9.246107363677755,0.990150848228082,10.585427747202255,14.127022752475412,1.2268134943789228,3.736667956795947,10.575136570088556
-2.0160178196902976,16.697616243779127,9.758560613852424,-1.7005382639033306,10.762372069217317,5.293954649222331,-1.3707319129959163,4.557613376064985,0.626614351756146,1.1042365011634274,16.415123166451075,9.792514620322775,0.9397677123257876,10.651019647979172,14.65493522310264,1.2060069655299466,3.5028814496240104,11.75482276240924
-2.0157443387471297,16.728159865694963,10.324682728053023,-1.7039498176802752,10.811270317378767,5.8355225136187805,-1.4306463604418926,4.774264901507368,0.9496511531856208,1.1043408423011334,16.446022536072842,10.373766639232976,0.9053552763701274,10.588388221027364,15.121776585331748,1.2024247440330558,3.248058180549055,12.753502961859546
-2.0345869549893782,16.748486216283297,10.885522273451905,-1.6019539957204776,10.622563082371592,6.696817024671607,-1.4625269048407352,5.042701553904793,1.2896390609677155,1.0838410275049162,16.446211455924267,10.916813284085316,0.8811037443539806,10.513786540876927,15.570876637096985,1.1880414875411738,3.009996249261841,13.788648871442346
-2.0597720686849184,16.760056267161286,11.435116558190096,-1.5372465167635692,10.525192191625207,7.421042046128948,-1.5231979050530808,5.3245378064253375,1.6465407928681677,1.0572956613832436,16.44515715382646,11.475976742828205,0.8516793352888969,10.431547808824213,16.024525747142114,1.1657372004659985,2.8177919890542977,14.795906480794644
-2.0956049547932625,16.779457483211615,11.956747983368913,-1.5108588219950172,10.470231898196198,8.069447935936978,-1.6336313289056288,5.59103533944822,2.0221149721959577,1.0179247628992991,16.439197208109395,12.04099691411963,0.8023924219685141,10.329168752900678,16.458708036301868,1.1315868064748809,2.651172020177624,15.739394087525973
-2.144268804838154,16.801426755027038,12.453129562096196,-1.5100376200004368,10.406307107391944,8.716881085641381,-1.7065636830660882,5.844503507164926,2.4285431859105047,0.9616336066591796,16.424048446436927,12.620156693307607,0.7313881861640537,10.208395131847396,16.887206539708885,1.0742821857680702,2.5028288790090176,16.597227651591414
-2.077966343989901,16.722934837221622,13.152435160303789,-1.3980954352269321,10.315478051206755,9.445464663527495,-1.7281620244410585,6.1785350456140655,2.8751810519272887,1.0356723303891222,16.374664453032825,13.122365491063404,0.8166169258847664,10.090263164004096,17.288105358207233,1.0584066907596856,2.376029991829133,17.385878577020808
-2.0945049251553147,16.687593173351033,13.700761354716267,-1.3713572356584822,10.214188127038543,10.118661173711919,-1.7763756054791404,6.448777807008405,3.3326819987056786,1.0181370308265223,16.3328210421319,13.650372577475727,0.8148535599601217,9.971107003610241,17.697883392167753,1.004636466629922,2.2638863229977435,18.072245724774863
-2.124548771066522,16.653649198177863,14.240902634812025,-1.3469878594001297,10.10212620754874,10.815657721947176,-1.8130893195338813,6.697813973469724,3.8453438291973576,0.9872030228382244,16.293916144849785,14.173559160192369,0.8141937470309678,9.859254134122,18.105513645010483,0.949922394116564,2.162562710230077,18.671140896076764
-2.1315655677695244,16.612641607429513,14.783038778481775,-1.3240475215556535,9.961391466135307,11.563078632117733,-1.8394538328935608,6.935847174757369,4.423589420917578,0.981444071615566,16.264353549412295,14.71369432060586,0.8127407877686759,9.755238296197165,18.5213223611163,0.8834683147120219,2.0660467797921034,19.191207999398614
-2.1284933292882195,16.55689435560575,15.316229986552901,-1.3185409882217443,9.797892913808145,12.329721339959214,-1.8640408132614465,7.164033508954492,5.0388309486527065,0.986409950668935,16.222077735785874,15.269138291907742,0.8024987162010626,9.633282067965425,18.936429087310664,0.8004068369970712,1.9473155687919796,19.64588657372186
-2.1293981502196893,16.482084719697898,15.854488868580773,-1.3227248297894303,9.618005562928296,13.117144778973644,-1.877053990016769,7.379930005601512,5.695850747369852,0.9875916085845712,16.164753010065645,15.829635907565502,0.7904525883296584,9.495898746991204,19.34852671250201,0.7189166201576972,1.8088727467025407,20.04273792210889
-2.116620331558864,16.374930343253432,16.399987360012688,-1.3295643223263611,9.412254391057957,13.91784239965082,-1.8686856038411739,7.576321413605727,6.385872772267741,1.0033749222763493,16.088886061612698,16.372591647092936,0.7957452044215543,9.362170083319686,19.778946813563547,0.6365798499226459,1.6695219278842648,20.391520134891913
-2.096972355466041,16.25491420113003,16.958449717058713,-1.3646614352019852,9.202742146438252,14.724630743129456,-1.859395281169507,7.76887169680517,7.102877527692526,1.0264310473426497,16.01019996973517,16.92092148267566,0.8026546113180977,9.249534612175164,20.25834586418129,0.53829325699676,1.547120791222481,20.683021896632475
-2.0888719649571352,16.152220353522072,17.521394971047034,-1.4249759667984367,9.018292690656114,15.540063250757699,-1.8448745166803016,7.956430853879949,7.85319114507613,1.0364983060980273,15.935285056270716,17.477327004097678,0.8029170077213519,9.150803568012481,20.765384817614642,0.4455351162733479,1.4411751625783156,20.87179610079314
-2.086665781897031,16.04656731794783,18.0904755517617,-1.4915591220323845,8.838981615559547,16.371198498081064,-1.8152817235595344,8.12570830144412,8.639554883794947,1.0380830533911094,15.831373796742096,18.009366335907465,0.7970962331848879,9.025435915775676,21.25223672884845,0.37073139563504376,1.3256931084652541,20.92119435395892
-2.047280136068588,15.911487539313214,18.715140052588282,-1.5634088605141674,8.648171119429513,17.208667233536726,-1.775621503745162,8.298525832317525,9.448217369710962,1.0716254697092653,15.707692565332284,18.496421807058574,0.8209068319203423,8.881843142323934,21.696420758868076,0.3256552555098189,1.22335788344634,20.871954420551305
-2.0448901707518927,15.861786037380085,19.196968035072764,-1.6964558459219468,8.524794412425383,18.053943714323246,-1.7748387157971195,8.39051793216178,10.284278723201801,1.079565702036234,15.67741801146234,19.053002170650075,0.7591998721186809,8.853002931838953,22.249844054217377,0.21774178600014915,1.2567015741184084,20.99268688382465
-2.017820122054789,15.781125460586667,19.710072987729315,-1.798412017431902,8.394844298801946,18.901328365558673,-1.759621543000477,8.475346034359731,11.130621647932172,1.110315458475818,15.6377483576233,19.604465051170195,0.7188256900020211,8.785031494429457,22.732096875183224,0.16080401387441912,1.272300488666711,21.051353000756546
-1.9766874828857195,15.680891486186946,20.224029894660813,-1.9015453414443275,8.262938584438544,19.74686578534196,-1.7444783905425618,8.543458378171536,11.982298396236596,1.1517474551604243,15.601167031198962,20.070794488213448,0.7052027377417645,8.708826982700693,23.102513463269077,0.1365187454656862,1.2826514053216231,21.076203975982498
-1.93397519900544,15.571617235708992,20.689643979540364,-2.0130615319708656,8.13852993175432,20.641522623305164,-1.7467374694875395,8.525334616609916,12.884505042352025,1.1955550279980334,15.592701181507465,20.53951648172216,0.6922429876531875,8.645304724416073,23.43355050545752,0.12934736037420702,1.3096250052914549,21.099376797565586
-1.9177322877641705,15.492161806394643,21.107428368479077,-2.118603560033427,8.076697801050223,21.586908815023257,-1.770098730269121,8.421495304757158,13.831167252363471,1.2128233025616604,15.592304761793724,21.026587014806406,0.6574974415114525,8.571719986046407,23.728082168807955,0.1184776274242978,1.3328080146635664,21.10414877826779
-1.9764334882900148,15.46270369938005,21.455961871809475,-2.164375422713268,8.106435036969387,22.50921700563037,-1.80184479921911,8.296441551386009,14.74878292027096,1.1542604919229331,15.54941942055022,21.546393205208602,0.5657142309956353,8.447677258837793,24.019032491437912,0.09026406991294067,1.315111171991643,21.10735539936561
-1.9294542504502687,15.467337477507252,22.034254658951856,-2.210684277873089,8.161774715538645,23.37925264549807,-1.7564152896159977,8.273304664898767,15.622122449452393,1.2027325158179862,15.523442980492561,21.97768192834095,0.6043808227092762,8.354592713373622,24.245860618718464,0.13299163966814564,1.3137566983927218,21.118267970105208
-1.9370827735703748,15.467874704255669,22.49199976023032,-2.249982127664269,8.250020312092605,24.242436605403558,-1.7482330342245809,8.155609127392976,16.48800545301487,1.1955831434130362,15.51212122764482,22.454733987214667,0.5823262138103757,8.270709873220136,24.47487037043327,0.13639581078366758,1.339284551707201,21.108283907063328
-1.9342814201332057,15.48430582055843,22.95494007151893,-2.267665145795333,8.371265345174043,25.08868505820481,-1.7426161070578403,8.012944045967284,17.343506075433947,1.198583186341556,15.524420726895473,22.93275016644237,0.5656339294390935,8.219207064311894,24.70145083492441,0.12712637190410914,1.3838878773828576,21.142864309043038
-1.9422141749740505,15.529716273550667,23.42317317483033,-2.253001799046321,8.536422530796875,25.92449499768403,-1.7382354092135852,7.857651889985004,18.20010802506476,1.1908379769963968,15.553717056660993,23.44189256433535,0.5435274292422356,8.177831598631728,24.881467584019493,0.13149953082592658,1.461321130866855,21.10044451152556
-1.921322166340772,15.546538420848119,23.907259524485273,-2.2438797792435268,8.6774833586147,26.73062565723602,-1.7384014579864129,7.667181111463232,19.041955475869166,1.2111827745550878,15.597591031044393,23.94907658266942,0.5356723439151325,8.171024298492322,25.08259574772463,0.13163022104405342,1.5457136009814931,21.14312580218698
-1.886352453288577,15.590685892997556,24.400090864695898,-2.247830011992937,8.849825912532143,27.51288669473568,-1.742012890980432,7.459913100484079,19.883721633164704,1.2451686817379408,15.688474652013733,24.430993608786125,0.5414236160425694,8.224933756840128,25.264884285722033,0.1367060034948553,1.6698423846752792,21.209715228325823
-1.879561672733202,15.654556932616416,24.897799084177198,-2.226301158951606,9.065497953884543,28.32174865808886,-1.7381384528847956,7.215008964318509,20.78986603861049,1.2514620145412398,15.770362759043765,24.91269607688844,0.5436211121953547,8.27685532004668,25.404001471893945,0.15114147482932386,1.7949515507914455,21.231676150473312
-1.8890856558234776,15.753001967166018,25.427603351975023,-2.1873391424966315,9.299825968470246,29.10549970298114,-1.7328522368317216,6.961171668398965,21.708472878706605,1.242214128016734,15.861414191602096,25.415327627350283,0.5504671338501168,8.35134058360949,25.53923876928017,0.16708018923156165,1.934920033082535,21.266069325311047
-1.8549263427814469,15.839603063419153,25.960530011438657,-2.157417048475533,9.490085013781464,29.81429143263404,-1.7419165676466934,6.703105127154803,22.571918162519502,1.2745722521911045,15.981735162024085,25.905947498570637,0.5857767699442469,8.472867951555738,25.712175798651284,0.18040087574608488,2.1054277422036893,21.368353646199626
-1.7599861587205343,15.897647425130296,26.48045766928751,-2.1484698759567653,9.646403032445892,30.484253508934444,-1.760566763997616,6.4170474174839285,23.426444953189534,1.3639126239472228,16.11226826682127,26.370291748700577,0.6482096867466216,8.618946370789178,25.887622358094102,0.1904842642282849,2.2916961196647065,21.490599840000094
-1.8703751677819256,16.044033122196815,27.025676158470525,-2.089521852356419,9.87988310517246,31.17472261271259,-1.7445674940065898,6.166558114178933,24.35679828608513,1.2583136033062914,16.188738680861526,26.940182795815677,0.6161926535818525,8.715020186472879,26.14880044507865,0.2319477158334231,2.4317751299600534,21.682190688784523
-1.9116187291142,16.143176596505228,27.56236991102441,-2.047095436028659,10.044794658981328,31.810986272519745,-1.7422748139099338,5.896475461363885,25.24665840557786,1.2177001728748342,16.271981951578894,27.474536943076767,0.6179282613284238,8.830755217141936,26.395884166081004,0.2651658610974499,2.5793378920311314,21.882265280564884
-1.916215399056619,16.26145743169526,28.10190887866621,-2.0002290774142857,10.256761118418492,32.483223871721286,-1.7353407270300918,5.599906334687513,26.26748531489857,1.212500070212956,16.398886894593474,28.00601886260212,0.6401852629584524,8.999697473227757,26.657121112345692,0.3008496955515343,2.773589872047152,22.107632037887573
-1.9272569224645548,16.37527622251998,28.64626584386705,-1.9603417427551504,10.433149696376072,33.112740395811045,-1.726284232372955,5.313413395157518,27.271046685120744,1.2017445908062214,16.506382630311947,28.550856830220127,0.6562308627549385,9.160832298987753,26.925932655068983,0.3431552903460573,2.9495623838045946,22.354332819770466
-1.9508983307812116,16.47241206272436,29.182867406954337,-1.923242200255824,10.572091981444062,33.704461733968294,-1.7240216727061457,5.028497142070859,28.261968228232373,1.1792719845606152,16.583121039659027,29.100894487774106,0.6653115944925885,9.304579191376712,27.18941685182221,0.3928119513727775,3.0890231617602533,22.62104487543959
-1.983207805513004,16.56817763253758,29.711147941106162,-1.8977612795285377,10.704823843286825,34.27986093433259,-1.728734683528376,4.754544736503443,29.28411507581239,1.1484426131365968,16.651643936325026,29.658790786830483,0.6688845643358561,9.451728711039916,27.461902464899172,0.4276343302918009,3.226669845752917,22.9047261707796
-1.987902894145224,16.656371473294776,30.243044943648528,-1.8806896261257442,10.825990028366613,34.85330683458248,-1.7323050746091682,4.492429034420231,30.35265629465694,1.1440157964780264,16.74225187604701,30.217508462922698,0.6897802396455328,9.635296607148963,27.7315618952565,0.4650401552362673,3.403515183222642,23.182737046323926
-1.977294601482112,16.72537025330089,30.77248087568964,-1.8625192872340215,10.912148633143433,35.404180153856686,-1.73886063966756,4.2375061211040554,31.426024300064803,1.1543935242599426,16.822650382640898,30.769599969268288,0.7231059175308479,9.829805620218725,27.975107779004254,0.5031718439880033,3.58853139160557,23.43908084633023
-1.9926996572509776,16.799972878299783,31.29542304473185,-1.8443549212108608,10.982717341421251,35.921100188582834,-1.7492300170981332,4.0134545617421775,32.48421268939153,1.1393341617921895,16.878920280050185,31.328190471038074,0.749186874508091,10.026377150668617,28.200010292932863,0.5377900055705525,3.7598433982252932,23.698534821413325
-2.0023255558311552,16.881784404118704,31.83343220980505,-1.8290528565253088,11.038472585271203,36.42527723556457,-1.767227452477762,3.823999158167732,33.537472029056985,1.129433657094221,16.950804133605462,31.898721943290525,0.7859099533464327,10.255085099392874,28.44265314299927,0.5800212183423632,3.961470878618301,23.978860451098967
-1.9829924823467115,16.93706761002299,32.37741742470853,-1.812600099191942,11.050748560249126,36.914109133567756,-1.7847772272810405,3.638832974260484,34.57860033339654,1.1475171867613616,17.03162599852375,32.466356521201604,0.8439541113973128,10.504750972462789,28.697692921733317,0.6306858689196589,4.1865182241071865,24.26916416809997
-1.9621605401824116,16.98045671813166,32.91840854062839,-1.7992340218206986,11.040028082678948,37.38429252455678,-1.8052685732346307,3.473858532332911,35.61090310276985,1.166666044861005,17.100862900882056,33.03193735627022,0.9317310950652902,10.828720289585695,28.84862454159511,0.6913187284713789,4.410429365564059,24.56783503076768
-1.968118167617324,17.029837915010074,33.46251494783683,-1.7846258284342318,11.027815485348976,37.844456811497984,-1.8291349483450865,3.3522835517227803,36.629509653869626,1.160097740048578,17.142030545735278,33.598971126652444,0.932012796110093,10.970618928508415,29.26806713538157,0.6986100535872868,4.655406177797127,24.8362473736543
-1.9695464590531693,17.047593815329794,34.004765554554304,-1.7647306089278674,10.98358625731504,38.299555419620745,-1.8554697487882652,3.2426427497996557,37.62027039575166,1.1577479455041808,17.16488549749275,34.15712896426828,0.9347128738595938,11.103991174015293,29.672612398465986,0.7064776768730927,4.9018709314714455,25.08360068358833
-1.9488051894838645,17.044034865865758,34.54761302643454,-1.7331339120934703,10.917068692670247,38.75155505669933,-1.8680625135520967,3.1492981526331536,38.56339759195168,1.1762633107212035,17.19610080193589,34.714241536039474,0.8916488986849012,11.091566372761939,30.29284724102449,0.6954588898014604,5.160014172147902,25.35770658454821
-1.9140883017408783,17.02055833358753,35.093916516718565,-1.6953831046774803,10.833922947462508,39.209383418191976,-1.862658000045585,3.0681461587879437,39.44728696915943,1.2071296882033555,17.22582949365181,35.2750359529874,0.8378048951088288,11.039254362888991,30.97562194394701,0.6874409529681114,5.437638663643243,25.66744828719204
-1.8955109282898197,17.000734015793892,35.623712039125245,-1.6552127321605323,10.7590711018391,39.654004587650526,-1.8479991626527648,3.0133892708013104,40.253266205184225,1.222630184505905,17.23379901696136,35.82325889082641,0.7765650669955491,10.967898779670362,31.647783636468283,0.6920203564462535,5.7089635139117245,25.998547635921106
-1.8789332026413628,16.973221328135395,36.14339228400161,-1.6839719544775995,10.68425731600299,40.10196260003968,-1.8190510220777332,2.9652385705465925,40.990990931696786,1.2360978349772311,17.228891953360105,36.36283796331663,0.7133987047815782,10.870779771907179,32.338379169906936,0.7157496613643333,5.97607976608217,26.37018667524159
-1.8736478336432256,16.942860213522867,36.683326742940366,-1.6978672889879052,10.600330896834908,40.55641081745701,-1.7671918513843223,2.9078418408218605,41.657625760085395,1.239912789219917,17.200434413487674,36.920683056040666,0.6402897549084691,10.74624741408071,33.063352908657734,0.7519056574658143,6.2511828121799775,26.789649740477447
-1.8778254291392076,16.91395188498149,37.22719093351626,-1.7062879924582075,10.51292909144106,41.00301392798948,-1.7107238526051483,2.838984483313518,42.228747421141634,1.2358641300858997,17.15793908111083,37.476890386854684,0.5635754252610603,10.606245058132425,33.80015177782439,0.7482658580770836,6.542396832335701,27.240544901713967
-1.8747486696571325,16.874721667546993,37.76306352398953,-1.7008857583974062,10.411818075879461,41.43185161191438,-1.6330600835708666,2.7499489032588444,42.72916752609266,1.2396353170585868,17.104860297086567,38.01721079346603,0.4995423267098342,10.44878132201286,34.54677155387136,0.7451648810126099,6.828338910129182,27.73432106741264
-1.86965273727738,16.809570281725144,38.29562850599632,-1.6789779359615282,10.275454795463054,41.835167333800456,-1.5333970175244156,2.6200807514352604,43.164047525507975,1.2433077709250806,17.041756135502993,38.564903168334475,0.4494913990893534,10.27839199839745,35.32116541857417,0.7417756874762189,7.116637500968512,28.285876247534357
-1.8967836831143203,16.747953599171385,38.806288368648865,-1.6698475140429694,10.141181806911732,42.2060565432998,-1.4349914872495018,2.4877897769730097,43.53357347518777,1.2146068665583123,16.95359806020141,39.112721792340714,0.39705469141370986,10.084473504887606,36.105761573614615,0.7302817472739951,7.395823592758348,28.878207581657858
-1.9379851664493182,16.6848569991269,39.31972543511385,-1.6745194224143392,10.003394834179844,42.56749487294361,-1.3562743428075856,2.344995662722126,43.84792851887059,1.1719144377494617,16.84243634813062,39.66705156524494,0.349541078457541,9.87425157468766,36.898807267213314,0.7081350039861649,7.673450145552925,29.50926744436288
-1.961657797504796,16.59916233860844,39.85623811698387,-1.6714417161924875,9.83781964996907,42.9318481140626,-1.283488581407175,2.165081417163188,44.10250967820021,1.145653456444594,16.726551042831776,40.237461318292205,0.3248933170320787,9.670541959793898,37.70089630116007,0.6868233196575009,7.970301290893111,30.180550320527573
-1.9727657691374592,16.486337987343283,40.39928954540846,-1.6835193700641875,9.663806645535626,43.336764616260176,-1.2499352978053009,1.966720729141881,44.31591801059452,1.1328765187487433,16.60081413713359,40.79781612033433,0.3243714177057397,9.46110249716318,38.5030589061266,0.6619716587924176,8.256263208600942,30.88651088925209
-1.9933031023012813,16.369410363644963,40.92828761794174,-1.6815857551159514,9.516522906335537,43.791873302728355,-1.1645187464748397,1.7928477142727752,44.47696552848282,1.112963488911573,16.470757339350882,41.32550153377317,0.3762845038073868,9.238724418752359,39.31302112870458,0.6359802217303561,8.498271088847044,31.634368751644878
-2.0260756927791093,16.26595295706434,41.45825063879364,-1.685543538156201,9.395141088054217,44.27522406670125,-1.060650263402458,1.6551064135630478,44.580575920374926,1.0815929297733589,16.344155200651333,41.849686944724525,0.4657036399951422,9.023554567697424,40.139552380419325,0.6085783873448722,8.722945271665361,32.428091028307854
-2.044299693212166,16.14496908053301,42.01180533182693,-1.6779518610052342,9.247437983495082,44.75938812629047,-0.991715190629728,1.5083322666887558,44.59449404505169,1.0652131517944228,16.216467803594796,42.38964132725293,0.5664929694211001,8.824485038643129,40.97368142144661,0.577767070555542,8.943890110196438,33.25597252236711
-2.069373373636869,16.018550316691822,42.548523831164616,-1.6529214167283666,9.099776064873536,45.23487596764327,-0.9224624794771268,1.3905637988848143,44.58192566278171,1.0421828951526009,16.080321611981752,42.910938142878656,0.6795595972975503,8.626427187107216,41.81410829318589,0.5526826500305488,9.111537900061721,34.11177194868437
-2.116293287874441,15.914164343505389,43.039796958148365,-1.6168798508292408,8.994629114199002,45.7099983757359,-0.8406845546427917,1.3375174190552324,44.6338805978089,0.9962872704907756,15.938790186803866,43.39781661630796,0.8219985436545365,8.433478558664103,42.66638358676398,0.5327000837709062,9.219101114420424,34.993279982068174
-2.148048040081005,15.818431797779047,43.560052730789025,-1.5848543463319698,8.880453275273435,46.16900349034203,-0.7680692575749379,1.292483457964286,44.70358740878377,0.9654699785193308,15.825898099137245,43.91061234382947,0.9678823576600084,8.293369842604152,43.51553549376432,0.5151758841835902,9.33547967228049,35.88097726953388
-2.19133677095322,15.747371814939534,44.07483972456239,-1.5722146752725819,8.771288531129219,46.56688848595978,-0.715051403592847,1.2694453591486008,44.728550032249174,0.9230157346242568,15.71642038934473,44.41658922398696,1.1083751499570664,8.175945727749426,44.37234854715373,0.5072277676877253,9.42858761773476,36.779791306826546
-2.295072470708191,15.729504620231754,44.502240611982614,-1.5935599797250188,8.724792208833696,46.889967866046725,-0.6863157462180882,1.3102800389270843,44.74665610506207,0.8135114009722904,15.554706165324204,44.853088232738315,1.295286609579119,8.037921854012541,45.25423625789951,0.5101565143136719,9.407774435207862,37.69880840987521
-2.407847920342836,15.71332378201024,44.855247985338536,-1.6274390524306075,8.689853845550836,47.1620182885406,-0.6811258313186461,1.3518881388890742,44.78491528338817,0.6831480420245232,15.354278212814526,45.22099718898718,1.5460492918369575,7.91947413314191,46.155964141587965,0.5352747225082588,9.300339296590119,38.62941370345406
-2.411156089194817,15.666633678129015,45.35490728710779,-1.6490585412878924,8.582587107671397,47.475013109056746,-0.7061207600722192,1.3525792698054622,44.78619866271554,0.6781616577549319,15.279445775187366,45.70582554866878,1.6293759808240929,7.906230947972531,46.980960010530474,0.5334397006469378,9.272949092876473,39.46375171824657
-2.3971402014955134,15.623174346123523,45.83442517186169,-1.6498458194901486,8.48940114781777,47.78639552075476,-0.7342801967695523,1.3678834419105181,44.813586533173854,0.696981492986364,15.259249644538505,46.16745969171339,1.6696268397366738,7.96689149141184,47.83195573210279,0.5342954643257565,9.207022918917474,40.29866216036936
-2.395931880138336,15.588974248492464,46.28500745989912,-1.6360336194526457,8.415944291064209,48.082103184796274,-0.7544155378291421,1.3992648602320241,44.860174035235254,0.7027495822721177,15.237649694656945,46.587805234801905,1.6939207197663158,8.068170120341616,48.71176754194715,0.5421289373239582,9.065112852051367,41.14493886627401
-2.4174698244097232,15.555144097803115,46.690158558819896,-1.6227886332262238,8.350260457320807,48.33863989407655,-0.7803957926922496,1.431012840275068,44.90261678037025,0.6824772516741601,15.202278622117785,46.977832543824356,1.74063594624971,8.20437208191622,49.586410260550146,0.5585436715977226,8.876227801989911,41.98847086404189
-2.4079270261340886,15.544503805637259,47.17694581566681,-1.6155626702762065,8.288009845622794,48.58222561593415,-0.8146325071421168,1.491996787997354,44.8992125130432,0.6947132818180317,15.206210957618206,47.452850343628796,1.6623451961241544,8.328156298788521,50.394130007494105,0.5586091462477896,8.699542385444847,42.7638446632726
-2.3901479412520352,15.544574042024472,47.65037447059028,-1.6023398500351298,8.246259710408664,48.82226333458059,-0.8462744383970757,1.5700150067622696,44.91739587561889,0.7147228356042418,15.22544754816575,47.924012881712216,1.5683116180777141,8.481858432172135,51.19364061244669,0.5601221363277462,8.505489380161286,43.54116317866188
-2.359788866440115,15.594974232792374,48.16123180279921,-1.6037781910012583,8.253264643761787,49.04842138240371,-0.8781299072690696,1.6964438984151498,44.940696415538426,0.7481433809642511,15.298889502378097,48.425869702691756,1.410252393920545,8.671896313950857,51.96700601862215,0.5579792500562468,8.297697983450005,44.30469426399496
-2.427906444135576,15.65458419641691,48.49282914504941,-1.6044668593984204,8.302876484090461,49.223375614487,-0.8890657808224391,1.7867252499063948,45.04966713021144,0.6656163319393307,15.264171031276494,48.80045982377123,1.482718848092536,8.922940084974503,52.802485190539684,0.5899695388293461,7.982457199621114,45.19354926358068
-2.4168498285756383,15.72710469432473,49.02995693001593,-1.6027096163634469,8.350317380643354,49.45368068999239,-0.9206447173074196,1.9466441368019571,45.10401121044736,0.6798241807502245,15.337584092730115,49.305322180182046,1.3304477823343772,9.112115952735245,53.51427796986083,0.5829937851806233,7.749610612515053,45.9537021288676
-2.430096184681936,15.821445067299873,49.53678670013747,-1.6231700891795042,8.43229354432418,49.629884649111325,-0.9553004111151248,2.1001725492171275,45.17454381836149,0.6603772051058321,15.40880800598222,49.84605539034202,1.2163665888819888,9.300373743080543,54.236155632185834,0.5769299549575408,7.461852946109611,46.76699387214202
