rootX,rootY,rootZ,lhipjointX,lhipjointY,lhipjointZ,lfemurX,lfemurY,lfemurZ,ltibiaX,ltibiaY,ltibiaZ,rhipjointX,rhipjointY,rhipjointZ,rfemurX,rfemurY,rfemurZ,rtibiaX,rtibiaY,rtibiaZ
3.82267,17.937,14.8646,2.3611325743781824,16.089700859721457,14.358369365281606,2.4664747889881014,9.123412316346213,16.585948534318096,2.6405102084117638,3.2736347458414228,21.77547539868184,4.923902218996635,16.021793116753344,14.23514769592119,4.714602445034275,9.371562270633925,10.57102802087162,4.544610569458235,1.7505379765431295,11.36370079968948
3.84312,17.9307,14.6746,2.3841703555538487,16.083698538920952,14.159889641218685,2.469706876993562,9.076416371452734,16.255852936471566,2.6359867671891033,3.3485908540108387,21.57992476801234,4.947384604180939,16.01712202748843,14.045506178719444,4.716368120966958,9.34097779727624,10.430139074671478,4.539838484916078,1.7350875893286828,11.355617380957488
3.86308,17.9297,14.4901,2.404072270057965,16.08332350432201,13.973316200068403,2.4711885290092748,9.028687454260542,15.90463378529951,2.6207523653825513,3.4363490169832387,21.371328992584075,4.967394867022293,16.0158487974349,13.861926251889333,4.7136272898184775,9.311623395397332,10.300449946959226,4.535919603170876,1.7214740755866043,11.347011910841887
3.88453,17.9501,14.3032,2.430832427627206,16.099619392091714,13.786131239072294,2.47457975090852,9.00029139835879,15.546815826149487,2.5971331739852284,3.5399389076813375,21.14600383545875,4.99434872204832,16.03943702611414,13.67502055643755,4.715073109030765,9.308479934061499,10.166264159640505,4.527435150474644,1.7342317769428588,11.320731791952738
3.90533,17.9739,14.118,2.4683146237564,16.110795846780462,13.599632429264659,2.4809541204231285,8.967860717329167,15.174656234049854,2.580457270401636,3.6472127285253286,20.907210562613162,5.032371102804385,16.072895205690664,13.491183333418661,4.726729680611415,9.311714946078546,10.043260115999868,4.519994442469462,1.7543326937652859,11.30042863966477
3.92256,17.9859,13.9453,2.5050603835537784,16.106037465501522,13.433746577121934,2.483631898636102,8.921209348505172,14.804938669907708,2.566619576708526,3.7382486336982996,20.662532570273683,5.069268631890395,16.09525813634937,13.322826975796158,4.7253187542413,9.304295614669442,9.93761262424498,4.509501160718156,1.7624098830435786,11.283205817073672
3.94291,18.0048,13.7692,2.5383678344366185,16.11252319765774,13.267777000760468,2.4801328523172828,8.89078345312047,14.427719135133437,2.5450991022146976,3.846203327314364,20.405123736483773,5.102110512000854,16.121881527141678,13.146454300337933,4.7087532811507895,9.297725340214562,9.834157194022348,4.491651181975351,1.7702519828744334,11.25797255994272
3.96418,18.0213,13.5854,2.58109214201538,16.11261009541456,13.086555293780089,2.4826459839296047,8.860979244878013,14.0386794283183,2.522952971673225,3.9554752722796858,20.130951676758038,5.144006161539154,16.153862324888507,12.954823464578867,4.701782582809678,9.284357967427411,9.743982782703952,4.476079697902675,1.7757635160027938,11.262964755915915
3.98725,18.0237,13.4106,2.6310356912231683,16.095939015208803,12.911304947070038,2.489237964149416,8.820831314403847,13.656344108692123,2.5076272906014996,4.038181262737296,19.845632867791544,5.192806216191306,16.174662135083977,12.774492153317503,4.702824233023587,9.260143049801183,9.668933721960062,4.464415811420447,1.7720065154536462,11.283929489954877
4.00882,18.0282,13.242,2.669924049226769,16.088634558813748,12.74168135348209,2.492678663919929,8.796656709900915,13.287598133236473,2.5038927052399877,4.121751596735332,19.55868348233861,5.230903400005105,16.19029177677528,12.605175428130574,4.712768813484815,9.238786128870625,9.588015261260837,4.455298019963494,1.7694676700104797,11.285139067521708
4.01859,18.0432,13.0698,2.691353666063681,16.096399566510453,12.566523732192058,2.493368566538808,8.794310587346407,12.944254385968696,2.5040662235600575,4.230648266031618,19.296753642536448,5.251641304673795,16.213787425228617,12.429663983037706,4.731909685773234,9.227885085988778,9.49330616321012,4.4502034499751995,1.7780737815277856,11.270436374477868
4.02644,18.0652,12.899,2.707775240735806,16.11287288493292,12.394602037927344,2.490473339217379,8.80447070335557,12.600561844630755,2.515852906856306,4.329021159999201,19.015472778538225,5.26746846029639,16.241831138330788,12.257038658538338,4.740193954568847,9.227248695206018,9.391246544765991,4.449633701543623,1.7984837702002388,11.253037373921785
4.03596,18.0988,12.7315,2.7212120974898246,16.143563701471912,12.228147056770545,2.486686546371315,8.83284019325722,12.201660109513798,2.5644741667791955,4.382214915167602,18.633398501868456,5.280408739856732,16.278587725956807,12.08720610728236,4.744857360293771,9.231510548338175,9.303856027310548,4.450577617633515,1.8239480085237494,11.247732390395589
4.04127,18.1047,12.5664,2.729548516263108,16.14880398543323,12.057742212288655,2.4780992382659806,8.840333905525451,11.898304582624622,2.555909469310426,4.496263493878956,18.402485765075657,5.2882331723302665,16.289444153781016,11.913047821981449,4.763923301995163,9.208769101865265,9.214105498738636,4.450412440638969,1.8247920438736083,11.242856939903227
4.04371,18.1286,12.396,2.741961496154758,16.16863535991098,11.877478391933485,2.472091244729779,8.868204071731121,11.512437216138542,2.595476895268697,4.560054532783611,18.03976427695412,5.30037388090757,16.32099794163442,11.740019285408017,4.785943089849796,9.201909625085438,9.142117786595616,4.4523885606066536,1.8392043955766813,11.24367714634462
4.04487,18.1279,12.2414,2.7528765089850737,16.16185776648931,11.721490420436545,2.460754622530738,8.870507450215987,11.21824358746024,2.607473324792048,4.6381625973447465,17.79449675292832,5.3107878494509295,16.32579751229984,11.588086422023713,4.791186106130919,9.17561603904895,9.078092672417386,4.450569366951554,1.8295953770212297,11.236147197496729
4.0514,18.1549,12.0841,2.759628936269208,16.187955745542062,11.567057415238155,2.4452945349217634,8.914133753060426,10.863431440813244,2.656115541097931,4.678893223369626,17.436076812850832,5.317605060827605,16.351630679963876,11.434573624667353,4.802480650133394,9.16555344392263,9.028312937563602,4.4507297462538515,1.8347253812389646,11.235680120465538
4.06624,18.1757,11.921,2.7752061828572514,16.209306018004607,11.400037807263693,2.437781351874159,8.953659181465397,10.537416527141316,2.6883080867771163,4.7201570054528785,17.109788299062316,5.3338554158332245,16.37091666902805,11.278467281230357,4.822687798173817,9.150294009990688,8.977062106647466,4.452021003638133,1.8359911589380884,11.23556129718867
4.08243,18.1979,11.7604,2.796823456678821,16.230196780489216,11.23102766280136,2.436338450312218,8.996879593619024,10.205574084925438,2.7247183966248008,4.734641967868214,16.757790691215764,5.3559777604054215,16.39475439277356,11.125040235765535,4.835971607232563,9.140576554051563,8.933774122304804,4.451889952873481,1.8404996059885859,11.235642167677323
4.0914,18.2191,11.5984,2.8132237458751685,16.24925518908801,11.059092944595568,2.4324138148974868,9.040988924137647,9.876611123968841,2.7518018077204225,4.732966601346546,16.397371049308983,5.372956842435866,16.417439184059383,10.975045868858034,4.850129352110697,9.133136153697992,8.886809657991936,4.451645837861424,1.8478003598779589,11.232514652938875
4.09936,18.2304,11.4396,2.827400336419274,16.25780559002525,10.895665147600877,2.425882823647887,9.073685310593518,9.580529601863859,2.7707346150640575,4.716262057336458,16.067078365380524,5.387363562879999,16.429549975173554,10.827287972523184,4.861580911734501,9.118111559372803,8.836918511631135,4.447367479746745,1.8486413654706668,11.228668706758583
4.11092,18.2401,11.2917,2.838343465490646,16.267411888369907,10.749550764324127,2.4178365576283336,9.108058507051476,9.311074102049123,2.783182379094261,4.681459719295501,15.749483892558157,5.398580111711335,16.436840710006106,10.685789628195709,4.870082940435457,9.101427459156469,8.786433717799452,4.4436752392316885,1.8497963481507398,11.22964090619153
4.12264,18.2541,11.1464,2.847336345369566,16.28434768064144,10.600001240336038,2.414306861472732,9.153178689101185,9.03114933966593,2.796961098396924,4.626323157095581,15.398450946693991,5.40837490580579,16.44619901907644,10.550312922409844,4.886305336806094,9.089137074947812,8.734759945897444,4.443079579143001,1.856430806105168,11.230506251023655
4.13031,18.2614,10.9995,2.853386938219542,16.294632753952765,10.446174318449351,2.412070235600841,9.193690287884003,8.747869967740561,2.815640151353023,4.553526900011648,15.03176924163862,5.4151711619086695,16.449125674425396,10.414920174498317,4.900727819228738,9.071722269829841,8.681594830490887,4.443233212428094,1.8570627086966862,11.226516197618189
4.13474,18.2639,10.8477,2.8596657532961602,16.298437551346638,10.28554500000386,2.3990934908825574,9.226377169105504,8.475512639216902,2.822294894361038,4.484321046157474,14.68157252665376,5.421555847600695,16.452802222432407,10.263773786035273,4.908003158362936,9.053697072383827,8.625281702122287,4.4446047596699385,1.8586097066184655,11.22397721838718
4.13635,18.2642,10.7025,2.870760004340841,16.295751816382445,10.129465160749634,2.3889242927428036,9.25577907115763,8.20358871102967,2.8234618376208434,4.407528907505217,14.32625336788322,5.432061250459913,16.460447486146897,10.115516837462964,4.921303648916141,9.040014316370218,8.575566208225926,4.443550608201002,1.8633309142733188,11.222112267019755
4.13505,18.2678,10.5621,2.8743018437720993,16.297871716351313,9.98350527176324,2.393374341694183,9.295131356881965,7.926148180330252,2.824046998438316,4.331549664019317,13.955970140269002,5.435585125306431,16.463374232523762,9.987995439476636,4.940295905796726,9.02449622440274,8.534402558207908,4.442768464952815,1.8631824363267073,11.218669671868966
4.13751,18.2758,10.4201,2.8828905532667246,16.303165911640175,9.83741654132455,2.4015959546533483,9.341663195273895,7.644651746496823,2.8142810533132163,4.2600294322697145,13.57660457297715,5.4439912133121275,16.468611758831962,9.868631497591933,4.951376626572614,9.01551123934846,8.488858613907642,4.44492900920635,1.8695855549744627,11.212182977150274
4.14266,18.265,10.2867,2.8994823976868505,16.286001187488242,9.701082065781398,2.4051774229983502,9.36585483540144,7.383838215047666,2.8145251680903938,4.15355339409451,13.201545936829989,5.459668885528581,16.461306814738684,9.749002596451865,4.958612200166946,8.996661968091242,8.436307198951562,4.444857271047042,1.8682755071550368,11.203869483618204
4.14238,18.2402,10.1541,2.899055517424218,16.26311815167811,9.562351056816956,2.4050529680749824,9.378574056612113,7.141319026794685,2.8233932919419025,4.030434069868506,12.833749534334403,5.459249622708738,16.435192257061818,9.620488293211334,4.970519119881929,8.957162441357289,8.381390933765756,4.440480361811819,1.8507505622450928,11.201888723610555
4.13844,18.2261,10.0185,2.8956387099659455,16.2515072307365,9.417414677640114,2.410298747984366,9.405644899069578,6.8873956928826745,2.8244108439036615,3.9118496166978405,12.439701483718697,5.455702334732857,16.41962323237888,9.490862209047677,4.987007540980074,8.928502579883343,8.325278125762328,4.434788667492704,1.845947338858677,11.200987470734656
4.13654,18.2178,9.8865,2.9095918119608197,16.23499613508368,9.27990112690942,2.420570408173132,9.433075759490034,6.63469427738198,2.8267209979253245,3.781601053207357,12.027026831132625,5.468065432541896,16.418665563629066,9.369687353811742,5.007371049512347,8.917023150698114,8.270473321375476,4.4309561999014475,1.8566903192511335,11.195654494141145
4.13481,18.2091,9.75333,2.9225965654030217,16.21881173032056,9.141638567778234,2.4292552385289725,9.457719203358938,6.394526596429557,2.831683499534962,3.6514539410213436,11.620108882229228,5.479387875021875,16.416315690607885,9.24837973819112,5.030580539935585,8.904066464872713,8.218897712336219,4.435433961673628,1.864420271655428,11.189826975692599
4.13273,18.1989,9.61896,2.9252656288871774,16.20809187736675,8.99961516305931,2.4396162373878454,9.48639104889817,6.1561551849399585,2.8334483794416707,3.525796659076974,11.205668606198014,5.481183227953404,16.40597711174091,9.124954516548156,5.050580103447504,8.882997090103448,8.16865841263805,4.441682567324078,1.8629524208019665,11.182867312942982
4.13078,18.1852,9.49068,2.9349850616851816,16.188914617950992,8.86634486995156,2.4573434464483928,9.51010008828078,5.922252994393757,2.8305735232469225,3.3891014398614994,10.7777086767546,5.489283066836347,16.3969928009288,9.007229444629619,5.057033913794811,8.865029418379322,8.125278216514937,4.439970213619149,1.8630963943588448,11.17968568445693
4.12897,18.1669,9.36508,2.947747619718627,16.162608756457846,8.738657207409288,2.4767200997988517,9.525202393908806,5.701330774518492,2.8254587651049787,3.2491703841787922,10.35656208818193,5.5000144788338785,16.38505684525915,8.893686302689481,5.048447309657204,8.844874852914177,8.09563097303957,4.434864842813162,1.8597301581592358,11.188931607132751
4.12658,18.1512,9.23889,2.946431068201824,16.14895606223661,8.603954626784839,2.4933799222294497,9.545656449945085,5.490506233843485,2.8209631375639175,3.12205536579064,9.941507624118358,5.497689809320469,16.36561939081493,8.782053281040994,5.047596477530105,8.816422110256813,8.073402374715451,4.433152943090518,1.8446066520800128,11.196459694598522
4.11816,18.1484,9.11293,2.936533493461379,16.14978350793726,8.469372595882339,2.512926269123935,9.578021062771565,5.285840392516981,2.8125460723043907,3.005062240234139,9.51523932360842,5.486798897832385,16.357129970389725,8.67120694506409,5.064795542767117,8.798996114660092,8.045367123439238,4.431403110482407,1.8368023235937088,11.186053402825316
4.10969,18.1457,8.9833,2.9350762829735393,16.14380164269146,8.337110555275673,2.5369913214933484,9.603544625520978,5.086118626823531,2.802472205840201,2.8822209994248293,9.07794823752537,5.483827353678831,16.355951365787956,8.552618715913479,5.073140210948436,8.790697196987459,8.010940649727573,4.424546487036465,1.841889191931629,11.178057975204611
4.10583,18.1356,8.84989,2.940856971473771,16.12837509512309,8.202772360198097,2.5644903736893583,9.616406019667469,4.892940196711976,2.795320598932371,2.7526827492153645,8.636921406776523,5.487803938394473,16.349195058040376,8.430550727044963,5.071393288128211,8.778684172655085,7.973257823369523,4.417852334976075,1.8458066716004637,11.174090908846871
4.1045,18.1211,8.72388,2.9518236151090855,16.106697054118904,8.07704683833088,2.5944303047693262,9.62359929555478,4.708947154430389,2.7809331002402793,2.622958849198147,8.192856607281454,5.496025881982469,16.337483023676693,8.32474817911124,5.074029479516919,8.763217585357946,7.940597425707684,4.411983618130236,1.8410991502740988,11.162896342825078
4.10583,18.1049,8.60295,2.96955211640382,16.082366389768215,7.952484334167092,2.630889092265473,9.624434760557946,4.534471982727667,2.7648144140481694,2.495740704463546,7.750861276693437,5.509836265744028,16.326124314868608,8.226567911373815,5.078338590281828,8.74905315034518,7.915196719767146,4.40807282998194,1.837505591624943,11.158419317320508
4.10468,18.0896,8.4714,2.9852102608437696,16.060528829292892,7.812208902507581,2.670436837725282,9.615388797340461,4.367870117386711,2.7617132463743315,2.372348517945052,7.319380096334383,5.521577028315428,16.31817013413936,8.108937518645558,5.092757994610089,8.737969668936127,7.881286823920048,4.408064138150044,1.8419423588918677,11.154395487745994
4.10211,18.0758,8.33792,2.9953316507078935,16.041869966107228,7.672303354729112,2.7023572089701378,9.605184138940608,4.210277424019433,2.760604585025908,2.2548980852955545,6.884464627698625,5.528586237326585,16.30996524483031,7.985878566814726,5.107032980430784,8.72735211312091,7.839520643991981,4.4051793122925735,1.8459192107865388,11.13959962825186
4.1009,18.0633,8.21398,2.9998664313873284,16.025651105346768,7.55021251164208,2.7300352160287815,9.597816443172668,4.0699086919969165,2.750117729265889,2.1440023291535955,6.440905713053672,5.531103562135092,16.297643531580047,7.876467014642951,5.108171015203255,8.714101393262712,7.79794063528318,4.397251936570516,1.8461355158547663,11.124031047998823
4.09776,18.0517,8.08965,3.006418091491633,16.00638720924534,7.433491755059663,2.764611302325787,9.583422189919371,3.9421550707375026,2.7358190620772516,2.0364701708089292,5.997407185611532,5.535346281298359,16.288985968906633,7.768519283139898,5.110549399850577,8.70515231561712,7.755696495223585,4.389661674528982,1.8550451134889823,11.116290322212457
4.09718,18.0463,7.95823,3.014906925329046,15.994462776263834,7.307442619339134,2.8071363688812663,9.568925963639785,3.8186476881985945,2.721889699270385,1.9433475212086142,5.557803072630107,5.541514599158803,16.28649507063586,7.651759470976078,5.113196940677779,8.703058995087304,7.708248112722098,4.382133197700766,1.8710920946541494,11.103393579156938
4.09747,18.0357,7.82952,3.0190152974234215,15.981839037559379,7.178777487828369,2.852238243619883,9.547771248612467,3.703530862389274,2.714345498816704,1.85736295787175,5.124791197509112,5.543667715250745,16.275208288719114,7.5360560127433285,5.113858228346136,8.692689439785447,7.6618391820336536,4.381621741057982,1.8750201636064157,11.085354046977463
4.09287,18.0175,7.70056,3.023426594148459,15.95958090066174,7.047769836200056,2.8921163822799114,9.514043623924639,3.5923120013369414,2.7122418837898037,1.7724605136225904,4.695448955040719,5.54521166551785,16.260113653230903,7.419069460741288,5.120453883066878,8.678939170694742,7.620375165414974,4.384043826846022,1.8754362829482467,11.071068914313114
4.08812,18.0033,7.55702,3.023599296715542,15.944071879582703,6.90032339116461,2.921236929785215,9.48340935334097,3.4722417594181296,2.70835570905334,1.70512363351457,4.268688791023051,5.54294293900359,16.246231458705246,7.286575243639214,5.121686151984243,8.66790065920673,7.58084503126028,4.375981161305362,1.8778475992466932,11.055948220083133
4.08354,17.9813,7.40914,3.0207681190745257,15.92039216990438,6.754884651791689,2.945221480219722,9.447599863310382,3.349061041103562,2.7139123026735255,1.6447920077470046,3.843086001089656,5.538063760892747,16.221548526361985,7.155023119551227,5.11351763085196,8.648211658844886,7.554371300613784,4.369302837427252,1.8654347039614025,11.043972966235838
4.08164,17.951,7.26751,3.0239076436613157,15.885425032564758,6.619839148445292,2.9725544257475156,9.401635375299861,3.2345449908542485,2.7230315657787596,1.5858878720216634,3.4167655574802893,5.53903018614815,16.19130945444642,7.02993256397091,5.108250851959013,8.623716170931832,7.5209628641406265,4.355135323302495,1.8487857328123454,11.023872115363293
4.08444,17.9205,7.13407,3.0293369999701216,15.853312259396322,6.487256487370355,2.999592137686935,9.361771433953795,3.116589645208986,2.723107328972488,1.5458403192170058,2.989499174333476,5.543155298317416,16.160908218288643,6.904012509162733,5.0916831367737005,8.600489433600378,7.479677674539382,4.307260457923463,1.8322828986324975,10.98870888330432
4.08771,17.9151,7.00386,3.0359292194950456,15.844484178307281,6.362624844685922,3.0142002158747196,9.345492032567973,3.0062859246592435,2.729096650989467,1.540803046954438,2.5739425163824823,5.549618802554526,16.157899337127265,6.775806295107987,5.078475496324657,8.60751772382402,7.457650246193085,4.327041815068028,1.8585221839757349,11.010627207692254
4.08533,17.899,6.86565,3.042817246967555,15.820226703417713,6.235773855924349,3.0199562261411863,9.309814872035899,2.901647708701381,2.7425171760301015,1.5272203775517719,2.1697832844760208,5.556254467514138,16.14925950108733,6.638209004937897,5.073915872013624,8.608396368089357,7.4114375506000965,4.327464604894116,1.8847455311703216,11.013182765378128
4.0792,17.8796,6.72217,3.038379106616224,15.796330673120993,6.104467810206748,3.025163708844216,9.26855339064862,2.804417642441911,2.7633960962209696,1.5175330568567356,1.7872959537172164,5.551938501800418,16.130467681454476,6.501903238013581,5.0691864258897015,8.597515869062875,7.348506522045856,4.320630876337254,1.9027680388882384,11.003264344770782
4.07371,17.8538,6.5772,3.0251772622105255,15.771066300724058,5.970838184432308,3.028889239489992,9.233202849153269,2.69079097198171,2.7959287483177238,1.5189852465479445,1.4188038585427365,5.539210664338206,16.096741258941538,6.372279546662386,5.066652679167774,8.571960856003692,7.293972843458272,4.3141184772924985,1.8990083468126802,10.987566723171112
4.06775,17.8225,6.42895,3.026164565811395,15.734399091917954,5.829108690445924,3.0331708638580186,9.191722152276284,2.558678843876178,2.8297382507597773,1.5172498316958736,1.061192683632602,5.53803486268848,16.067910070640387,6.237595326054742,5.068310166339041,8.553237929476683,7.239698621928879,4.308425849552905,1.9021578947330973,10.971045410918151
4.058,17.7951,6.27352,3.033730646804163,15.696856847381493,5.679278314919081,3.0437515272758504,9.148015653507166,2.4212174490918916,2.85340034596895,1.5108804885543403,0.7421379609306269,5.54205654106484,16.05108243790878,6.092084240179063,5.068626995947238,8.549113065513875,7.183628878113227,4.297485803842155,1.9258747768166806,10.961894948169308
4.04666,17.7743,6.11655,3.0341909473278985,15.668062404099954,5.530423031935109,3.0604461081540357,9.110647970321207,2.2897427613336516,2.877986286096934,1.5028351741633497,0.4816310669133268,5.5405082088595785,16.037991139617915,5.94165266111959,5.073938829745207,8.548769098389633,7.120217859484773,4.281997783132753,1.9553754739320643,10.94608097188379
4.0385,17.7529,5.96719,3.024258147352273,15.645214830874133,5.389390806612659,3.0645253113284947,9.086138467609782,2.152219537983584,2.9156727490668652,1.5005832224567888,0.24996572605733625,5.5306030231678065,16.014209068545117,5.801291169287433,5.071315555386251,8.537620700976863,7.060191919555747,4.268448902282593,1.9744083673598345,10.935354840563619
4.0247,17.7277,5.82048,3.00139795394231,15.621487617596982,5.25338429516629,3.0573440577126076,9.072311580005259,1.9964616267302269,2.9518099135001115,1.497715761533045,0.04819681959119304,5.508742489882466,15.980932348254298,5.667638029520631,5.052658395486558,8.519429228140588,7.014155085675775,4.255368447911615,1.98411914549993,10.937328485666418
4.00258,17.6965,5.6705,2.976542886621896,15.589044240731628,5.11304750839934,3.0616797097878403,9.052271664176942,1.8319291000194768,2.983242810413208,1.473311894252899,-0.10058001670863281,5.484353517115167,15.94712650356496,5.525656557454113,5.0344513182795785,8.50232353595759,6.963587877139336,4.230002387570532,1.988309057518233,10.920571065848424
3.98315,17.6559,5.51232,2.9614656954862735,15.54640087252778,4.9546015864625454,3.075784851962014,9.021203498429433,1.6514042920842518,3.0217209722499594,1.4253024192096602,-0.21426955914651513,5.46818656595385,15.909105563918827,5.3697871800685615,5.021353693512486,8.483454253135355,6.904450885871807,4.20581870374034,1.990581433085083,10.893779637212386
3.96755,17.6169,5.34955,2.957532888907652,15.502733444728385,4.788265377400999,3.08932381367748,9.003859928121017,1.434214666193268,3.0649191114093584,1.3793706931291014,-0.3116213351388899,5.46235366305943,15.878786777464427,5.203042514004,5.0083207293453675,8.479802515850297,6.859555624919115,4.208669440120305,2.0055219510906586,10.88217761158144
3.95348,17.5913,5.18767,2.9511329661095584,15.473437667405124,4.6265686013907015,3.0991033812460937,9.013147602626473,1.1994504182473236,3.10109832385628,1.3538070643908942,-0.3867001316983545,5.454591230926214,15.858629392814471,5.04118570635639,4.993263347982425,8.492919769400736,6.838029612518847,4.220403333193022,2.024482941732596,10.875262707990183
3.9355,17.5763,5.02113,2.933737478651504,15.458079163737601,4.4603380997911835,3.1004353460126675,9.033441721461209,0.9676847298755744,3.127003168264956,1.3413777009744976,-0.4510542465053624,5.436612351068379,15.843315284100758,4.87842158107756,4.974198920761703,8.512761941019779,6.813443854556745,4.226152623223529,2.0494292740103752,10.863505117731826
3.9127,17.5662,4.85072,2.9124482133972585,15.447849810775391,4.287724391753734,3.0994774951297877,9.05877137915468,0.731451223331625,3.15306915403074,1.3407696418441368,-0.5377816727578129,5.415841350979008,15.835626072123157,4.700320638193922,4.956382140790034,8.536731620257381,6.7521945889618085,4.226487184020836,2.0912388876602392,10.83387505774953
3.89201,17.5642,4.68292,2.888926990177188,15.449550868513626,4.111116937920734,3.1003984272928355,9.093362261185979,0.4977351112342938,3.171453143119228,1.3512691622684647,-0.6141644807255551,5.393598083802573,15.833452575993947,4.519559693376006,4.934148601874121,8.56185416243532,6.666164543047138,4.205036574762092,2.1355583166623413,10.778141685211766
3.87544,17.5758,4.51738,2.8594047411856827,15.47035832318492,3.9345739309935857,3.0965518787326545,9.12968293810837,0.2956209356523396,3.170918354838565,1.365361317716033,-0.6483888258901928,5.3662387758583,15.836519499242453,4.346025518045998,4.923062428074417,8.591900348792262,6.58527489782476,4.2483320074836906,2.2112106862475747,10.776787387724756
3.8584,17.582,4.35432,2.8207458628902318,15.487811446846475,3.7690650032044033,3.0866163613646878,9.152121913780665,0.1234192408316166,3.1631259704522448,1.3708216871644527,-0.6683434070166099,5.33132735748895,15.827842225548135,4.1800916705227005,4.904115622704969,8.594336761271439,6.458037790843884,4.266089800256084,2.2823555346113436,10.757927871688016
3.83955,17.5816,4.18505,2.7795544224316635,15.498995331359442,3.598498735926176,3.0698704502001726,9.164951078280101,-0.04814108864091127,3.1562439235691766,1.3700464791865476,-0.6910850532880953,5.293992265641992,15.812459287003588,4.007064488133204,4.886332666933385,8.581033505594592,6.295173863730949,4.280067457956523,2.352276038089693,10.719228742521338
3.82017,17.5826,4.00621,2.7381706556859537,15.513053845235667,3.413646629634746,3.0429322044913487,9.182766161975554,-0.23833368953462708,3.153282080101715,1.3768021397789232,-0.7242592153844847,5.256545136672972,15.799859547750504,3.817522545295877,4.872951265361689,8.57216617668175,6.1215307854819825,4.292117895712701,2.4330065293382788,10.672419718898688
3.79678,17.5865,3.82695,2.6948714016032422,15.528580659703838,3.2305938603411652,3.007035341780258,9.206439678199738,-0.4348486900891233,3.1556201513193245,1.3927292111886356,-0.7592347558244623,5.217762793756597,15.793353290231623,3.6211034892297285,4.86227092685845,8.572722696833477,5.951611816053786,4.302899670263821,2.5263111071507804,10.62764104485565
3.77197,17.5807,3.64811,2.6650781792031237,15.525007764152011,3.05330318747869,2.9724935778337036,9.215015838278457,-0.6334134647961713,3.1642246917543817,1.3972695005403155,-0.7991132121843544,5.1913200533060575,15.78866105226497,3.422318403870786,4.857653084343218,8.573693663107068,5.773501429999435,4.3161188833645525,2.6209777324105596,10.570287064230472
3.74475,17.5676,3.46642,2.641324568386598,15.50934642636124,2.8740351933358306,2.9371206622891677,9.209589548713453,-0.8310896303950495,3.1694479903002106,1.3912027450645361,-0.8461504648877615,5.169795964128308,15.782827509145125,3.2199019176793238,4.8567180392191895,8.565294335488066,5.5660363544153615,4.327987570595226,2.713212685857152,10.486485838026045
3.71239,17.5646,3.28227,2.611002919753145,15.50491701512801,2.6910613084294104,2.9001253349438727,9.20403490679896,-1.0126766536892005,3.1647806052257654,1.3876806463373121,-0.8864281272703181,5.141022371262867,15.784955605011152,3.019943135065485,4.857399729298043,8.553676515062634,5.327173209284892,4.3434697760597105,2.81935938919069,10.385900496484606
3.68182,17.5716,3.09736,2.5782462681524776,15.512732311537292,2.5073904452983617,2.8661925427538915,9.199683759102594,-1.175663575974033,3.1563373166427047,1.387368083252631,-0.9208797095267413,5.109648554720472,15.792745063737833,2.8254763061853,4.860874450606464,8.537169250594419,5.059280406816071,4.359818724056844,2.9388778769872967,10.269397057933467
3.65229,17.5866,2.91007,2.5407270004038613,15.532891608933483,2.317124169349092,2.830585707703975,9.195286697250236,-1.3233604026929493,3.1501286984713217,1.3890820341847157,-0.9459533771442515,5.073984479293964,15.804475094786294,2.627659591792617,4.868945221003466,8.516935260265196,4.759530075187927,4.379503954222038,3.07133208237404,10.130106574827042
3.61723,17.6051,2.72169,2.5009252696423054,15.556772809317295,2.119116614771764,2.798719580997278,9.185056625855504,-1.4606785513796625,3.1467303336947787,1.387023662822969,-0.9597339925582191,5.034955779675556,15.821417728014225,2.4293354632663355,4.8877508107707035,8.49861355558693,4.441801474048972,4.408997386523099,3.2151815306995193,9.97292973691977
3.58105,17.6168,2.53729,2.4515036337868237,15.579541361075965,1.9220035135577278,2.768148066721538,9.172662785967598,-1.5928258184261483,3.1411506588279003,1.3846508292683568,-0.9690359049620938,4.986712952403275,15.824643407122242,2.2385820828845535,4.906059162632874,8.465327234895357,4.117174678031186,4.438064267751782,3.337180725104642,9.79347037290556
3.55079,17.6243,2.35922,2.397545511432634,15.603542801785007,1.7335661730751044,2.728894402812016,9.163591606685836,-1.7189138808843392,3.135725041666525,1.3874275610864775,-0.9792270588002,4.935482995660912,15.8175135564888,2.0508564739248305,4.913221519332084,8.42165449808935,3.7817299268689553,4.458097319972387,3.4368627897958914,9.585345373403023
3.52299,17.6342,2.19182,2.35261745427722,15.625338368901616,1.559697965094072,2.688297727458595,9.15442676142227,-1.8339731634113603,3.130477955511779,1.3911481939391335,-0.9870035316513469,4.893220028439423,15.819005001885722,1.868591293221711,4.918984377685994,8.386844998304367,3.436227594988723,4.474011001412744,3.5345844307468868,9.351868282361272
3.49397,17.6488,2.03026,2.308986020340456,15.649812781163305,1.3940695547933424,2.6529935145809183,9.146389443984596,-1.9360243999489462,3.127455690441537,1.3970107276320274,-0.9855559987028621,4.851711317621577,15.826286210432247,1.6957125292871547,4.926380873424742,8.35823960068968,3.080578583204644,4.498418778105543,3.6289623680891356,9.096226841317726
3.46621,17.6547,1.86633,2.2687604011200446,15.664023696856187,1.227426619246374,2.6198430435993254,9.128643422967063,-2.038752748130145,3.133299280266297,1.3940955739828151,-0.9925657226185309,4.813301536482317,15.826170306962522,1.5217091026073177,4.934711406198147,8.325725859965765,2.7149158894616865,4.531140824500094,3.716072370351574,8.824372833776659
3.43956,17.6569,1.7029,2.226000894969693,15.67673710841757,1.0617257357843846,2.5783557670117836,9.11059703248089,-2.142027150034344,3.13784800451127,1.3920525274685476,-1.0051831907024342,4.773053637942265,15.821331202986348,1.3431474212752428,4.944442344174857,8.29363270418802,2.342912852618803,4.553976008700913,3.8034479785033817,8.54154301042405
3.41618,17.6715,1.53652,2.1811042778491396,15.705287259317968,0.8935031770259328,2.530842330704973,9.10551112180757,-2.240666607015498,3.1325340045243317,1.4050927483029403,-1.006608654487885,4.730824010776678,15.82531253044279,1.1620297316608779,4.952386340401512,8.275775854523392,1.9686001304379088,4.56602567188756,3.908545529607016,8.254716847944753
3.39621,17.6876,1.36989,2.146319390415794,15.73266315579857,0.7211445838686333,2.4876256398120047,9.096501681969613,-2.3361831616399877,3.124598427724818,1.4157571466547578,-1.001340819549555,4.697799843633879,15.835370736627482,0.9799532823682902,4.964660543417456,8.269369217155537,1.5960345021790414,4.573553678502942,4.025673721383822,7.96591068798881
3.37397,17.6941,1.21573,2.1102847979099195,15.751061057787464,0.5580259672020909,2.4441121134158013,9.079917942352655,-2.4230461323745507,3.120621331411965,1.418649423787044,-0.9987305100669157,4.663101684185683,15.836600702727683,0.8098040580312842,4.980315771443448,8.258757091377863,1.223097077466899,4.565007106057189,4.123229602317386,7.6622095755401425
3.3508,17.7003,1.066,2.071612472783807,15.76856110735474,0.40498612983487403,2.3981878432156454,9.063976955373098,-2.5009185283549447,3.1167412609362684,1.4207302634861154,-1.0023071643287078,4.625662045842281,15.835224701343485,0.6498739333880773,4.983839145993121,8.250625576888847,0.8516534699961172,4.543912658256911,4.209821172575071,7.349007016989638
3.32894,17.7144,0.906104,2.034841270086828,15.792961620398852,0.24409324002149746,2.353088794037127,9.051551570608359,-2.576277490954954,3.112829564352609,1.426850150974719,-1.005259588159093,4.590007799541828,15.84189596519769,0.4813962728398342,4.9839214787815305,8.256386529238963,0.4867165579083942,4.515300994718974,4.3132550661243325,7.0418174548950505
3.30589,17.7256,0.744112,1.9885663803465228,15.821231909908168,0.07859274840953545,2.311703272967297,9.04157866886015,-2.647992384286658,3.109679814692815,1.436947902124075,-1.000509647498576,4.5447940824328885,15.840824563784311,0.30859134782511394,4.978120444642491,8.259680399380189,0.12520345978514547,4.478168565910074,4.414223259036232,6.735781812992405
3.28234,17.7336,0.592499,1.9525824974500599,15.83747919302957,-0.07183983333766031,2.275678891290406,9.024230218212246,-2.713360064852733,3.1032245631351,1.4361959587203277,-1.0050628818848661,4.510399887156407,15.845610577783619,0.14049804418440487,4.970302122420121,8.273206240219857,-0.23677132588055805,4.440689021688014,4.506793825135722,6.4168657356216565
3.25924,17.7437,0.440335,1.933373030537783,15.8425382104756,-0.217339573809833,2.237954711580973,8.99707594224568,-2.7764914528273263,3.098166118139518,1.4233776668017954,-1.021354479223042,4.49335527077233,15.865198060566085,-0.03414363059500608,4.986309184541489,8.306427838183398,-0.5972944623130418,4.401893377483371,4.593267595059662,6.081637925165419
3.23577,17.7532,0.282608,1.8961654142631412,15.858970604143385,-0.36718409401157887,2.1951074985817334,8.978849254010132,-2.832330305441896,3.09550431723772,1.4213261148462095,-1.0283057497598114,4.458221467336893,15.872973374274116,-0.2146849265725474,4.996779341088476,8.333017809849256,-0.9591143713576404,4.367606484890064,4.648873233891107,5.731809251254119
3.21422,17.7671,0.128402,1.856579325388209,15.882812629358078,-0.5128063274361644,2.1609769859855317,8.96949662903381,-2.882571284124642,3.0986832625836183,1.4251133223422174,-1.042907595270161,4.420286336592821,15.882103119671196,-0.390376143130574,5.000873905056316,8.365517641517341,-1.317204347328364,4.344507514674962,4.684690551844172,5.372932703634697
3.19592,17.7843,-0.0256451,1.8278590187561807,15.903360519775816,-0.654414564133444,2.1350128693290893,8.957524747884527,-2.926727031216039,3.1070309508367613,1.4232285741308983,-1.0636819316729633,4.39271242286439,15.89750268573018,-0.5591465529880197,5.023216290872004,8.409234401961271,-1.6652445042890478,4.326955223579643,4.710903679808153,5.0111923492215205
3.17852,17.7916,-0.181188,1.7864994344697211,15.921138490219178,-0.7882528245975914,2.10091760332983,8.943280207271922,-2.959201235836429,3.1058908723910283,1.4213015782993725,-1.0641441756663157,4.352276302304255,15.894140811532306,-0.7278915575175279,5.023815724869401,8.437340960614929,-2.0086415262638515,4.308513826631912,4.711741640212425,4.650599538704217
3.15918,17.791,-0.334768,1.7447882611820966,15.930974223186457,-0.9218585674998792,2.0683796542170785,8.92436265913218,-2.996723625010837,3.102558494139407,1.415995025368967,-1.0637816623896643,4.310896793860006,15.884979419185335,-0.898305027313655,4.991953147242358,8.459372132280766,-2.344565155828417,4.2933488108638835,4.693671200173251,4.293859893404314
3.13887,17.7963,-0.487775,1.7216115743806566,15.93456516855263,-1.0624028692172107,2.0466659228621533,8.90216104603839,-3.0478534312417103,3.103702045248967,1.4067661287273063,-1.077293942907369,4.287895783056866,15.892554705885983,-1.0643455628204195,4.96165240815326,8.499492381824744,-2.671775554399905,4.287460183690956,4.672621662255505,3.9341130310472483
3.12107,17.8095,-0.641296,1.703376854742012,15.943928431888654,-1.202245272071525,2.0250454893510668,8.888300867092582,-3.104094625323248,3.1015744716907103,1.407243556834242,-1.0900832305290433,4.269601534335104,15.909982746194192,-1.2326076995575577,4.9379027188085995,8.552760231634018,-2.9989032844539336,4.281230748238688,4.646641423776333,3.562213727544184
3.10584,17.8219,-0.794196,1.678685026066026,15.959057936916947,-1.3400195466508251,2.0019264648679793,8.882235203175725,-3.1611392498856405,3.1006624218448673,1.4174955771600404,-1.0991458841870099,4.244317813374682,15.921089201019894,-1.400600637050193,4.914789138367182,8.603787995126655,-3.3248461930384083,4.275388649921385,4.601628257756187,3.179853885759141
3.0919,17.8207,-0.951207,1.6513214874123923,15.962668771454968,-1.4778270893593117,1.9778753593839857,8.86605711851686,-3.2196214578623312,3.104518834712035,1.417769991841742,-1.1136612527173364,4.215995442278549,15.913789159115385,-1.565243228953216,4.891959668531877,8.639315001642583,-3.643763806727319,4.280008039205555,4.531392714521379,2.7973330214146537
3.07928,17.8112,-1.11317,1.6278944705061924,15.957935825344498,-1.6267526704717827,1.9595197641811597,8.841634509181304,-3.2852647289852017,3.111928362588286,1.4118892035573447,-1.1283655325868285,4.191557498408058,15.900122729475978,-1.7357151321176003,4.865695172824161,8.668668315850898,-3.9598453339581923,4.2884251096931045,4.443065896949537,2.4079079695822676
3.06861,17.8073,-1.27084,1.6097201749077605,15.95900216806944,-1.7810466428591485,1.9483069135798958,8.824632107696116,-3.358546204858936,3.1233868948344186,1.415414877151031,-1.144034498907354,4.172548905981998,15.895300226152417,-1.905281301908861,4.830996546972618,8.70863934307506,-4.274564263242084,4.293387207456821,4.34919418526476,2.0058380150576545
3.05509,17.8065,-1.42515,1.5890903819397346,15.96117907893207,-1.9256607729216721,1.9311391150637551,8.811225214960077,-3.430168803244411,3.1367335836794275,1.4235068863933131,-1.1609101351878421,4.151130630647681,15.890739990671483,-2.061937665967857,4.79172318244474,8.753417994889674,-4.580553477530939,4.298549408054976,4.248584071099765,1.6001009870454936
3.04254,17.798,-1.58145,1.5630842920018686,15.959889429097782,-2.068723591428639,1.9099746093888448,8.79500306938835,-3.499266343749695,3.1393024086321426,1.4321538444374085,-1.16290603759081,4.1240471063252215,15.873060577007124,-2.2153984250928143,4.749509914814062,8.787404243388112,-4.879496826463587,4.3013307888349095,4.126633760630495,1.1879237656212176
3.03617,17.783,-1.73176,1.5416964608479646,15.953428792911833,-2.205144890615261,1.895393317242261,8.775142899282795,-3.565105246349405,3.1340733318248493,1.4381531774438283,-1.1535437873252032,4.10042107410975,15.853081565714271,-2.3796214799184465,4.700595175851043,8.816260938897617,-5.175707352839911,4.304299663169848,3.9926634773815213,0.7667749617359645
3.02758,17.7766,-1.87596,1.53173462085236,15.943841625386025,-2.3323792783609028,1.8875955715370054,8.753901527958766,-3.628722745676148,3.1370591111606903,1.4412851633346042,-1.1496386820490487,4.087875497712763,15.851771479397371,-2.5451002190172853,4.652586953177416,8.862568922568464,-5.46525403120382,4.306008370388591,3.8672659133433536,0.33682058010043914
3.01927,17.7738,-2.0255,1.526233600365083,15.93371651125348,-2.4611722156646234,1.8783265719278983,8.734381912388653,-3.7053562370333553,3.150156540500697,1.4426876061918632,-1.1765190134135097,4.079754411954665,15.853609143617687,-2.707540978218083,4.605038511029861,8.913618246921496,-5.749867828537924,4.302464723900538,3.7419370881050247,-0.10191229064213125
3.01208,17.7597,-2.18163,1.5143878350485886,15.918935760877718,-2.598019734150843,1.8713095914544238,8.709935797743611,-3.783476775718367,3.163441317277549,1.4396395804834983,-1.2038327026023636,4.065088553626637,15.83833756741408,-2.8719048710031476,4.554544935384828,8.946800528167305,-6.028215911155915,4.306056693618257,3.6006422921732257,-0.5424083705490412
3.00688,17.7402,-2.33911,1.5031048206327289,15.902454962855595,-2.746821422533785,1.874252819507268,8.679758450529235,-3.841027189209078,3.168136431260419,1.4361809563303627,-1.18813719670655,4.051928992522715,15.816972953959095,-3.0362544194037415,4.508537542693263,8.973523827928343,-6.300279907429891,4.310087606695323,3.4508456312105293,-0.9901121302722906
3.00449,17.725,-2.49319,1.4894264198221578,15.895022953354477,-2.8939911632514437,1.8739227303937183,8.659197356841224,-3.892676564199052,3.1723016486689586,1.4402094783989972,-1.1757295233036102,4.035969986662924,15.797735174169432,-3.1993339917834556,4.459614559352569,9.003689395710772,-6.56929199321061,4.3002874623037615,3.298417990863504,-1.4544379643705998
2.99691,17.715,-2.64824,1.4624133974420903,15.898619127330756,-3.036770459338819,1.869009504399109,8.652490410430952,-3.9481870655035305,3.18295415570016,1.4537931448455446,-1.1852751669229011,4.005806632948479,15.777658907353262,-3.3594200641675234,4.410170303621347,9.034549332336276,-6.832475343931795,4.291032680271617,3.1443453222513513,-1.9305837080992712
2.99028,17.7091,-2.80421,1.4488532169709627,15.89574116397365,-3.1791878927622292,1.8767502590011647,8.639497853205864,-3.995410376172807,3.1922368907262637,1.4573530668783752,-1.1904743309965053,3.989802053358485,15.767873449426654,-3.5180273107321653,4.367101095220795,9.07168995485371,-7.083685978518939,4.290053988530991,2.999949645476387,-2.407654325290303
2.98739,17.7042,-2.95656,1.4467038989295888,15.887797632169189,-3.319663279800067,1.8877041165265172,8.622194228008293,-4.040015962581533,3.199834204533901,1.4512625567639592,-1.2049800499274208,3.9854590572042428,15.764348874910889,-3.6761263822356476,4.319486377107329,9.109705891791787,-7.322947218515701,4.281023438790151,2.861034366757199,-2.8856210599196563
2.9838,17.6964,-3.11063,1.434195817954987,15.886040965708368,-3.465879576553953,1.8909723279015052,8.612543600873623,-4.090358006740705,3.212158211052507,1.4528933481999537,-1.231118396442144,3.970523746829203,15.752857762734058,-3.8358608793125066,4.2730854489798284,9.135099299837087,-7.551890889725701,4.261752004524787,2.717697691065073,-3.362133521102794
2.98276,17.6905,-3.26524,1.4289661812866792,15.882249363633598,-3.612845553326271,1.9011868310931406,8.60161123330207,-4.1340922119480465,3.2255571089422235,1.4540363031843224,-1.246257207476687,3.963156709582008,15.745851776246743,-3.996065277748268,4.23062101960928,9.158925077864055,-7.769128914653859,4.245731179613516,2.5774362366414163,-3.8421688971480314
2.98187,17.6898,-3.41882,1.4266189449245161,15.880742913673014,-3.755542184881237,1.9124447483643452,8.593915361015418,-4.166029106241133,3.2370221745890646,1.4582338428241517,-1.2490239741874798,3.9591414192807344,15.74345986196504,-4.149327117715372,4.187237533937941,9.187102787817981,-7.9778129507705735,4.24627219205357,2.44216582588977,-4.339189728737463
2.9795,17.6876,-3.5751,1.4182251619713788,15.882151654440463,-3.90320420196871,1.9155778559272147,8.590450232441603,-4.196653816553649,3.2443129605993204,1.4672870188785705,-1.2510836031480603,3.9496806176189128,15.735840682192089,-4.300582696863503,4.147582452760458,9.20635977771937,-8.176387603836764,4.246362894664469,2.307830659477662,-4.8390567703365335
2.97479,17.6849,-3.72811,1.412206506505201,15.87954914791524,-4.050470578279838,1.9216360768805074,8.584743108875784,-4.219787947991581,3.2474049186415357,1.4696879199909025,-1.2533588379527423,3.942979289869193,15.731371888267383,-4.451489170666908,4.108925434081105,9.221644950072658,-8.361868533658102,4.2253284034386605,2.184330634659492,-5.328735460750071
2.97062,17.6877,-3.88063,1.4122779131266716,15.877503515962582,-4.196278293441197,1.9396646776641306,8.582084632411153,-4.229572740084965,3.249250799455278,1.4688200508029388,-1.2516831838391282,3.942515321494251,15.7356047662914,-4.602906741624366,4.068434907804475,9.245439541711967,-8.547149293824667,4.195873248187432,2.080684094314524,-5.829194637920358
2.96964,17.6874,-4.04274,1.4070649615111805,15.88003175279905,-4.353633042372968,1.9598485796296896,8.587363741770753,-4.236135984836321,3.2520748453586696,1.4747328855524353,-1.249162833152651,3.9364928388187477,15.7321104439329,-4.763141519227163,4.031790959421418,9.263620130263412,-8.74368181236802,4.1708865086966815,1.9830825180835259,-6.353773201360342
2.9683,17.6835,-4.20398,1.3898689104165636,15.889435068260433,-4.511813610629571,1.967470715982005,8.60281617194071,-4.239888584070273,3.25626827407369,1.490980939679046,-1.2495415287995195,3.9178009234207716,15.718744427340562,-4.9217010774587475,3.996896800987043,9.26445069938952,-8.925572455341424,4.162158559855969,1.8857423501621966,-6.860484004145844
2.96972,17.6811,-4.35964,1.3849468465565737,15.892175543011305,-4.66479333032292,1.9798727946705132,8.614252108992318,-4.240204575310056,3.2597623969630325,1.5019772355215393,-1.247078490814522,3.9123088613352293,15.711816535842514,-5.074055065059801,3.961756205198912,9.26390765037055,-9.088675303635398,4.151437261771659,1.8018306669459587,-7.3512441961133685
2.97068,17.6719,-4.51629,1.3910106459430243,15.877617689200266,-4.81640820454425,1.9990847381384285,8.610925440555954,-4.243859806625962,3.2678015751082103,1.4970664041657589,-1.2497418688174262,3.9186616134074495,15.703754943347981,-5.22669545149892,3.935529518461385,9.26615606509246,-9.258095438055278,4.115452667806185,1.7315875614492837,-7.867000981377048
2.96799,17.6647,-4.67406,1.390230885011067,15.86708424678823,-4.964109986327716,2.0111405119997636,8.613642213865889,-4.253876280978844,3.2825216277840252,1.4978807848210165,-1.2654144072229951,3.9168522004683917,15.696039136888983,-5.381855831775679,3.9109891520688476,9.26470843053334,-9.42327893079597,4.074225934984629,1.6743507691304442,-8.375871184095327
2.96722,17.6605,-4.83325,1.383206005863626,15.86717067612914,-5.115641250253097,2.022441516282559,8.630104963545259,-4.2679149736592965,3.2913672256762583,1.5146553779873821,-1.2776675312271815,3.908068942984372,15.687787269009489,-5.54046125300359,3.8772544901962984,9.256078005478738,-9.581168630933396,4.033880276373764,1.6273635187181057,-8.863239452145121
2.96939,17.6475,-4.99793,1.3758630798642775,15.862660073595393,-5.280584572949457,2.0394271025968647,8.646827505503794,-4.283676782294286,3.296687914989885,1.531746408719048,-1.2876308441709852,3.899707723096545,15.669973812973987,-5.705629881744072,3.8445697010520488,9.235028587887726,-9.74092286290527,3.993426688595785,1.583280843569816,-9.333692316717954
2.97157,17.6363,-5.16468,1.3786450798843908,15.850818314142565,-5.446673907800973,2.067620299501743,8.661783731940226,-4.286726956980616,3.306009531257243,1.5391848493330516,-1.300700785678206,3.902408829442916,15.659112905646763,-5.872642058606327,3.822089304394879,9.217196142365479,-9.896372527213277,3.9605154033497363,1.5554634132264704,-9.770164502384924
2.97402,17.6289,-5.32622,1.3876093908557114,15.836491642740304,-5.600899587364136,2.101407939738438,8.67967842064205,-4.269397374944674,3.3106140969003732,1.5423276885138062,-1.3067262788528407,3.911200593814335,15.653878239453118,-6.03185559210534,3.7956234344477284,9.207199237042353,-10.047091756424091,3.9323478418231224,1.5455206278324853,-10.178339570755002
2.97454,17.6115,-5.49053,1.3819152580752778,15.823752399741782,-5.759565620085308,2.1296937337031023,8.706335463047761,-4.247750318299337,3.307581295300622,1.5539356917418665,-1.3088502806653395,3.904379154523773,15.631924347093406,-6.1931105221009926,3.762315058450688,9.184568143624167,-10.206409099747308,3.9008822377102335,1.53069758042205,-10.575601734753741
2.97267,17.587,-5.65885,1.3691356542240878,15.808581108539393,-5.9248933500532,2.154777050419385,8.737767957806675,-4.225260745613358,3.3010633115586328,1.567544876866811,-1.31746023584166,3.8900856084186173,15.60115065106375,-6.3600567980711,3.740862847015477,9.154854935313267,-10.374798857994811,3.8660176708493785,1.513646505425716,-10.952300948250219
2.97379,17.5727,-5.83099,1.3687190626975303,15.795526110216372,-6.096085204394163,2.1820509844951106,8.777286875726844,-4.202625081095471,3.2858445477438414,1.5868455166405715,-1.3285047184766556,3.8890802387784045,15.58646112310511,-6.5338690163392625,3.7212006730903457,9.139202832295364,-10.546327947986242,3.8297345092135413,1.5118947215208278,-11.287698336450852
2.98107,17.5664,-6.01072,1.3833125977017786,15.782842737308192,-6.277121932791464,2.2135403786313708,8.822823242551536,-4.1863726722522125,3.2686248923835914,1.6172055409048163,-1.332034704508449,3.904403169883111,15.584656511258839,-6.715765112831345,3.6961697358469316,9.134399543002298,-10.721507687629645,3.782818559127276,1.5191065314303716,-11.580019768203211
2.99035,17.5476,-6.18609,1.3957481841651966,15.76050334530414,-6.447635046609004,2.242595289678815,8.861427712693988,-4.1699196558120235,3.254643116255493,1.6428653933723538,-1.3327569417014669,3.916395054458669,15.567043466163417,-6.890913653328705,3.6804562059950383,9.11676937288313,-10.895092305248113,3.7330926713307178,1.509988358165094,-11.828553959417714
2.99642,17.52,-6.35152,1.3896369331239877,15.742076335225049,-6.600740452467711,2.2644178853954875,8.90928354995909,-4.141048795933131,3.2433417188527804,1.670744852005381,-1.3434354069775059,3.9076231041992475,15.530641685386254,-7.050878568887638,3.665331744457222,9.090627299627283,-11.071159566946873,3.6908755807416562,1.4883912098893237,-12.042031655059633
3.00525,17.4927,-6.51693,1.3864568579091312,15.724641643886292,-6.758494956462135,2.2770235979193583,8.949288428271153,-4.15007365396774,3.22935812322023,1.704011349694773,-1.3607378846270244,3.902222569840848,15.49551850833134,-7.212376839946099,3.6437860806044675,9.070050177778384,-11.254865802112409,3.6452804703685193,1.4668531408991194,-12.21852095223222
3.01581,17.4642,-6.69417,1.3921683079822484,15.700642334472054,-6.936094021117856,2.26786152967112,8.95339889308262,-4.250903277393895,3.204290941549548,1.7381812219496933,-1.3794735042167652,3.9074956926962487,15.464342053774143,-7.388723690696305,3.635211546044472,9.047829890260884,-11.44450754762369,3.593404478758269,1.438309215160272,-12.355927279418042
3.0243,17.4378,-6.8746,1.4015584208481582,15.67389701275692,-7.120020525998157,2.2570268553776467,8.95650262837034,-4.354669111041877,3.171828732548767,1.7732042803542418,-1.3975188956383247,3.917911336797241,15.438120659559484,-7.5671902995744205,3.6323127527474464,9.02758312651103,-11.631497335381395,3.5471471380367694,1.4089538419280023,-12.460034181470755
3.03925,17.4144,-7.04944,1.4281152634553336,15.641190615620683,-7.304093795461132,2.23791368340855,8.922913224890547,-4.5271606982636206,3.1407739218935857,1.808830603523579,-1.4036935744290946,3.947326719045066,15.4217251086904,-7.743402145058628,3.625141682715178,9.014911122551483,-11.810843729706669,3.5042629995798205,1.3851785547377062,-12.52485209854285
3.04838,17.3921,-7.22838,1.4284852656514824,15.62692705917278,-7.483293228954134,2.2018180133165535,8.894799692067497,-4.729604869584785,3.1122718847291835,1.8618236604739362,-1.4296507919333825,3.948043144347936,15.392269868077195,-7.912650179868566,3.6160639784566833,8.991808309440941,-11.989294800752017,3.4639061780537124,1.3522005672546573,-12.58130849355544
3.04713,17.3732,-7.42144,1.4021110578368032,15.629726154722547,-7.664517860884566,2.1527943474224336,8.877980123184777,-4.952916464953325,3.087768025285102,1.9327599249602772,-1.4785653532453744,3.917672550410188,15.356810702131813,-8.094693203683219,3.598193736229869,8.958025327261412,-12.174966320617777,3.4282922846066257,1.3095225800345451,-12.6318885082627
3.05976,17.3556,-7.62794,1.4229414961161395,15.604722316683953,-7.8731495819981845,2.1383782105386744,8.852369637299578,-5.15354196196688,3.0700866033549428,1.9959109277323126,-1.5063144584646957,3.9379702599202497,15.347531882519643,-8.31594376730906,3.582184026196931,8.931149118807966,-12.365462020210376,3.380156846485871,1.274827821583993,-12.643253084673262
3.07698,17.3331,-7.83516,1.4590616605668034,15.565945986286515,-8.088896387687157,2.1320578082902246,8.817691441881946,-5.348363812595606,3.0491312686818945,2.0556249955901738,-1.5254318655518064,3.975320597913146,15.340497045225526,-8.541883173291234,3.5767481532053553,8.896236111871776,-12.542856895313736,3.3247820824817707,1.236962671810418,-12.639200720946713
3.08942,17.3206,-8.04279,1.4766734985558232,15.549107485997789,-8.299184638415447,2.1093387099424987,8.788785977872202,-5.578859319057292,3.021854858810741,2.127230262272464,-1.5823152177663982,3.99314683941471,15.332491261704524,-8.75527961630078,3.5669225129174045,8.862143402877122,-12.711045168556605,3.281304170057078,1.2035680338595984,-12.667638458676304
3.11028,17.3289,-8.24928,1.5106707127942502,15.546593182445157,-8.512923228771623,2.0922791098760274,8.770478568455587,-5.820640848227866,2.9880345561159305,2.2097238205452454,-1.6570493281755736,4.028990442729686,15.349863013927074,-8.96783670554005,3.5520261503098167,8.860337692848944,-12.886218497298797,3.266339962383008,1.2028850821315231,-12.748227266390268
3.13078,17.3502,-8.45435,1.5481119095718345,15.552977311390519,-8.718977169395462,2.0763234427839583,8.763440430718259,-6.049602049964272,2.9456412376426977,2.310420033362594,-1.7155289829288787,4.067538705798453,15.381491598023832,-9.177959261964636,3.547024937353779,8.874900498231954,-13.062349480790868,3.2832320242284134,1.218169398910101,-12.85711587042154
3.14835,17.3684,-8.66678,1.5780044068103942,15.559978860800204,-8.928510619033725,2.056535493741632,8.748427129282607,-6.306268636728235,2.902423516114736,2.41990755550888,-1.787896309715288,4.097626346616845,15.406584925578965,-9.392793801817787,3.540606621140679,8.876679478489123,-13.232743485425775,3.305867873629567,1.2209198902431249,-12.965383221812884
3.16997,17.3802,-8.87466,1.609527429900036,15.564027824329646,-9.141891789716574,2.0368252870326846,8.724673443672712,-6.5839570362202995,2.855970989993671,2.5290374402387483,-1.8802914594789781,4.130471856318342,15.42490117093996,-9.603482805616848,3.525022350315262,8.873891054525817,-13.39990836730832,3.3208348134371657,1.219876363028149,-13.065834699857108
3.19367,17.3978,-9.07054,1.6486702081874247,15.569431261639401,-9.344252651478266,2.01766471254204,8.700963141100654,-6.856207085383382,2.802735885501828,2.633853399234444,-1.982274621644522,4.171579639742792,15.451784266521962,-9.8010572896351,3.515250373177503,8.887403267895916,-13.565799471228875,3.3303981701528125,1.2370596811420347,-13.147097511819204
3.20692,17.4055,-9.27257,1.6764369909214898,15.566060439358475,-9.553566578917588,1.9959177418611975,8.665801756392778,-7.148001330581792,2.750469878595439,2.7296088561329226,-2.1107759086454116,4.201144115365106,15.46854790365814,-10.005151049307923,3.512117384662889,8.888482591943795,-13.736522426308035,3.3263134140942316,1.2457526943395711,-13.196712033716084
3.20754,17.4012,-9.49165,1.6801135445027457,15.561342594260015,-9.786214704751469,1.965073539058877,8.62357649023291,-7.486523139914884,2.7218498742471287,2.8201313616259984,-2.2972371345673634,4.206977137801586,15.467765785910577,-10.226427215401477,3.5160609838676447,8.862246133551372,-13.912196427611285,3.3112894682288374,1.2328993711061589,-13.213357914138713
3.21152,17.407,-9.70779,1.6820335513241031,15.571414343064733,-10.017905647887691,1.9251929265238794,8.588556551454559,-7.8538925734200475,2.7122976498292295,2.895997390306224,-2.547612202112436,4.211468121997345,15.473674970972011,-10.442159181236294,3.5253150128085498,8.842325172016878,-14.082151413342364,3.302965640531874,1.23019723259051,-13.219998495574604
3.22383,17.4229,-9.9137,1.6959166893217579,15.587604906281326,-10.233149604349284,1.8877615973777768,8.559497995040704,-8.21540562121114,2.688304715881395,2.9655492574320936,-2.807241120757089,4.227042382512144,15.491038942663563,-10.647469568477062,3.529155562963091,8.838150993923414,-14.245689353836493,3.301719916465431,1.2443866146548537,-13.235612999288477
3.23915,17.4332,-10.1174,1.7196933989878174,15.591817050812157,-10.442108619804394,1.85061260082556,8.521325579699825,-8.573046682472373,2.64042458703737,3.036366522792198,-3.0528296398162587,4.251606593814595,15.507344660313954,-10.854253353894693,3.530080904753304,8.830137817773192,-14.402416140055399,3.2966618414170332,1.2562496603685336,-13.253950910647244
3.25538,17.442,-10.3182,1.7436591008384514,15.595544893527455,-10.65013173773255,1.8044056617086004,8.486556315264812,-8.929383860924583,2.57306563950205,3.118725651331599,-3.2922808079881927,4.275920923160471,15.523270750038296,-11.062454189372104,3.532917093276425,8.81786873569017,-14.552537115306386,3.2807730175259895,1.2666947670435125,-13.26667797704129
3.27705,17.4573,-10.5152,1.7709541334569001,15.60778602271954,-10.855565251341103,1.7635455212368403,8.465342378587668,-9.278280905089428,2.486460200427132,3.2337398060895524,-3.508609864415604,4.303934217327083,15.544074071876048,-11.264876837751135,3.533483209478304,8.810095912121444,-14.69344696006117,3.262383431879709,1.281370303948112,-13.285599564004372
3.29677,17.4613,-10.7106,1.800625643408495,15.60479026205677,-11.056719737743798,1.7308102422033729,8.436995537888198,-9.600619944459993,2.382837016060249,3.371691093783056,-3.6761852033011033,4.334207170330018,15.55535318250062,-11.46427821740009,3.529070402971693,8.7901620459309,-14.822714366364451,3.2500883920865515,1.2854978360618103,-13.293197188338896
3.31443,17.4855,-10.9104,1.832261068410878,15.617992940666037,-11.257484798376801,1.6920766226790818,8.410609193558845,-10.017988993956575,2.360450420207763,3.4542101635681055,-4.003942091093925,4.3651871267039315,15.589660903800299,-11.671086263122557,3.5329291322441048,8.77997672855974,-14.931561344959606,3.242383841544403,1.302949753234076,-13.274187003578808
3.33487,17.4964,-11.0975,1.8639233209387467,15.620159288906809,-11.445223851769862,1.6544912291776315,8.383040722187307,-10.404726347568216,2.3086878497701333,3.5570028996124377,-4.284043318344265,4.396552028147686,15.607965651657242,-11.861428656360808,3.545211306382746,8.758478440703376,-15.03237388098839,3.2314438408370587,1.3057788971247337,-13.272811959977782
3.34487,17.5121,-11.2824,1.8913612361582308,15.622703067694967,-11.632209550078311,1.6205391228251826,8.361509165561662,-10.793102581559216,2.2512798713401776,3.666338997067175,-4.569042955833409,4.424227472144015,15.633982293042463,-12.046992267186374,3.5697786843830537,8.742080663462497,-15.123802123584895,3.222819028678073,1.3119295921462513,-13.277261379952654
3.34815,17.5314,-11.4683,1.919058603290781,15.623731706619415,-11.819547317394143,1.583298036428692,8.343939938889022,-11.19163118741288,2.2188612599322286,3.7605314696848184,-4.885300937504868,4.451567954254776,15.667899008962396,-12.234311020502853,3.6008514290766644,8.730934796687972,-15.209199019496603,3.2217287880444414,1.3243117452084183,-13.276470466514754
3.35435,17.546,-11.6479,1.9393175099515798,15.629408717346662,-12.007394260119815,1.547280087206233,8.337503312850494,-11.586913300845596,2.1994034978236368,3.8581678751801354,-5.207911488516091,4.472794121199534,15.691464680241067,-12.413877482973614,3.6251066182754244,8.711196205395055,-15.286581368096739,3.2208679411771586,1.3248881753919761,-13.28251464240802
3.36285,17.5617,-11.8205,1.9633711328561028,15.635442367593061,-12.18909957909111,1.5205977921590867,8.337599111985206,-11.97042724107742,2.1752850975151623,3.9556261883180523,-5.524415074163569,4.497967663154971,15.716740085814468,-12.58507230838154,3.6558196119935507,8.694820632065259,-15.35609802824191,3.225698418977399,1.3271898440340832,-13.289639464966012
3.37031,17.5801,-11.9893,1.9960519891767758,15.636459765329683,-12.361526777050482,1.4901114270586713,8.33945486090297,-12.350320598330086,2.160252900189836,4.033266275242259,-5.85501265349307,4.530345842511819,15.749730587477908,-12.751536621196578,3.6949890313637965,8.686931112527962,-15.418780942562666,3.2424030015485648,1.3387891855966725,-13.288707054066442
3.3763,17.5972,-12.1604,2.0168861599374903,15.644026837108736,-12.53720740823705,1.4534232362995416,8.353594268347589,-12.722907435424677,2.1581554794373377,4.109698708064188,-6.190367503174996,4.551486143196932,15.775224777150248,-12.919533601588858,3.7234448616847367,8.672819093395614,-15.481823755850424,3.2561730729380756,1.3436439604208639,-13.290457148276772
3.38955,17.6127,-12.3313,2.0262022927975742,15.662967029874853,-12.711693993337631,1.4191902538646393,8.38303973000773,-13.0812571128521,2.1531662867317265,4.188682266270854,-6.520005732427834,4.562467911951385,15.787106256027934,-13.085230409716583,3.740158327337478,8.647591535012596,-15.544150129959938,3.2622406961551524,1.3371153922672674,-13.293423143557705
3.39715,17.6357,-12.5019,2.027197433280485,15.691383205546947,-12.886266210066527,1.385564918621351,8.425692565363399,-13.434380471281067,2.1504100210499,4.258953069109206,-6.859072952450155,4.566130816401936,15.80326298970338,-13.245269667851202,3.762868769919051,8.627981353700052,-15.60434856094863,3.2639433448212816,1.3350728387402393,-13.301785320605273
3.39547,17.6551,-12.6706,2.023668813167696,15.71294797443238,-13.059292975346299,1.3570714223247382,8.464121681245881,-13.775217060564025,2.168514647368055,4.301756598793516,-7.2027250034778785,4.565517987697019,15.817489629391902,-13.399376948881809,3.7892830209382904,8.609468537773243,-15.665881066307117,3.2607724053655494,1.3309248333616557,-13.324788002082592
3.40295,17.6676,-12.8354,2.0429472404431355,15.718666143394303,-13.231537011989847,1.3359878870398383,8.492936437489703,-14.121155298621167,2.20305361710862,4.301176131732264,-7.574498320715231,4.586137333032632,15.835670459553063,-13.557232323113032,3.8096593508146013,8.595776482386498,-15.71967696695069,3.2592604618702334,1.3347949942481643,-13.32960425777968
3.4151,17.6795,-12.9975,2.0708896528134466,15.723068201129935,-13.410232812581137,1.315584245162788,8.524277353300608,-14.463468814836936,2.2176368322722717,4.288857729362916,-7.949722061485187,4.615416557888472,15.858208973896009,-13.717971490062995,3.82445858758786,8.587535034080336,-15.76902869190975,3.2569203120627774,1.3473070937164708,-13.320715325416144
3.42005,17.6828,-13.1572,2.0718573963028364,15.732191984102704,-13.58426005121992,1.3034872158421695,8.554456835480298,-14.764136065076773,2.199439155059366,4.287689121815374,-8.270035786532606,4.619798977589581,15.856991830322794,-13.86710628058532,3.8348106393757844,8.55849035079626,-15.819238232416861,3.254309722281665,1.3349697673102447,-13.32504342679931
3.42178,17.6947,-13.3187,2.0667068079421336,15.750446921852376,-13.752902519539067,1.3006013230038023,8.594987503481244,-15.062431024023288,2.1675765891145664,4.2773291461111045,-8.598101575075637,4.61784549077344,15.860187910440832,-14.012193146284734,3.8479428523711983,8.534758435433892,-15.867046948940096,3.2521146430200623,1.3290905249515275,-13.325280364072604
3.42583,17.7211,-13.4812,2.0690886396180606,15.780510917213135,-13.92644387529969,1.2956052539302152,8.656326986188141,-15.392768796678132,2.1561947688667304,4.2353505709864505,-8.997791998396561,4.622850889396274,15.882462021243033,-14.162002014041676,3.8642567670348242,8.530617750282229,-15.914163669883884,3.253439247088747,1.3465191126325653,-13.31553568861954
3.43167,17.7301,-13.6435,2.0770960251997854,15.792452751427286,-14.10774961237143,1.2948072936489345,8.701743689330314,-15.723995677563812,2.1807012472493112,4.155518071195096,-9.420948830242017,4.633190884552382,15.891950112322757,-14.317660636138267,3.8803717288611885,8.516511521172461,-15.970330779312528,3.2610356692265956,1.3517777821999166,-13.320754972126096
3.4319,17.7243,-13.8091,2.0914331789794813,15.782508876498001,-14.296410116995823,1.3078292368526503,8.723463914292179,-16.045190002946388,2.1935698097613305,4.056210037536093,-9.831207389923032,4.649204551112322,15.894503074504184,-14.477645323960198,3.9008912671986486,8.497701044734963,-16.034082491553068,3.2695226486622575,1.352171909029062,-13.335930216111905
3.43857,17.7243,-13.9526,2.105666172065857,15.776505628771313,-14.43668644742736,1.3176971453291522,8.758381582355067,-16.34126558416153,2.1456383593583195,3.9652821914252847,-10.215738129131363,4.6639331664411126,15.89465099821268,-14.606671593550603,3.9129775481453763,8.477923979662869,-16.063852325926508,3.271629013520847,1.3481644947139086,-13.326620072887295
3.43107,17.7331,-14.1116,2.0903811026264996,15.794041443063366,-14.609074028392167,1.3320645794457855,8.795531527825135,-16.596081079977207,2.0490851272223902,3.953668571075238,-10.494964815745952,4.651285001001341,15.893905052679349,-14.74829247363483,3.923605864770337,8.4498768193224,-16.07195271358426,3.2767414728683137,1.3281839164062257,-13.315089402100455
3.43882,17.7695,-14.2592,2.0964818786126846,15.830170747437117,-14.751140681097581,1.3306527830642108,8.908872219569389,-16.989781896346877,2.1158786973989687,3.8307137754445524,-11.092570512364729,4.657960801457067,15.925176761238378,-14.882984823547526,3.9306451372037294,8.464202834364752,-16.107741812581658,3.2832905753802235,1.3608869014767437,-13.303981214379935
3.44355,17.8302,-14.4253,2.123865697948202,15.879506082989284,-14.93333720410018,1.3394492110533758,9.051904410836897,-17.437519343557074,2.108880131988642,3.7258450761917388,-11.761037770496545,4.685354998956435,15.999054749629472,-15.043173308627276,3.9543390978625634,8.520361331046946,-16.1521864728154,3.295289205831421,1.4347249183988318,-13.306725432714567
3.42904,17.7032,-14.5605,2.1282809695320077,15.748155290145531,-15.099667267942442,1.4004897806155618,8.868537636366117,-17.475285698837347,2.030676471916907,3.589426637918005,-11.738106354619607,4.690275615386541,15.883640813201684,-15.173222691859984,3.966149195507411,8.395215332970956,-16.219298430135414,3.28338978979537,1.3292251917577769,-13.33089721469586
3.41861,17.7068,-14.7112,2.1253986241674223,15.752157262713702,-15.269636498346609,1.4284413592133975,8.913282349701271,-17.768920896141783,2.01835048898175,3.471610016575484,-12.181293093124015,4.688002816057816,15.889199994698277,-15.31279131324325,3.9848156417303318,8.388052748831168,-16.27895252589148,3.2775794409436845,1.3489898329338823,-13.33130110730425
3.41254,17.6972,-14.8569,2.1219256984172015,15.74382328903446,-15.425678836896985,1.4598728514292456,8.943318758156073,-18.036656845108293,2.0088209245279143,3.3355887910881714,-12.611401491022384,4.6850855215524,15.876275238772424,-15.441537424757417,4.006453694066776,8.367729470168516,-16.36692868182015,3.279804758765366,1.3670884158231802,-13.333738147712085
3.41176,17.6787,-15.0025,2.1288340599515223,15.723567582436187,-15.582528859485718,1.4987055237827098,8.962119938850048,-18.300643242107352,2.0032540980064075,3.1969760276628065,-13.038521859328597,4.691891660814802,15.858571021423277,-15.572880084878982,4.027251726034284,8.339874925071417,-16.422946236976873,3.277888697385616,1.3629226686735407,-13.341091125781357
3.41345,17.6572,-15.1405,2.1466451848596977,15.693739780877088,-15.727785913294058,1.5337262728691314,8.975760049117824,-18.55541048827947,1.996537528695178,3.0458137513553165,-13.475753248397892,4.708678860924584,15.845151342552512,-15.702462516341184,4.049255625001061,8.318318171122762,-16.481624309894467,3.27343194180476,1.3688620946371506,-13.344683679797722
3.41359,17.6399,-15.2821,2.1561186609592995,15.672038985666692,-15.874690984957377,1.5643014170249332,8.994600440530986,-18.801113516271553,1.9905535574442297,2.898074381546218,-13.919305024282595,4.717498632402545,15.830904960525721,-15.833733242657955,4.071365926733502,8.295426900220287,-16.536750045063492,3.272849083993739,1.3743966650540616,-13.34317054880249
3.41603,17.6265,-15.4263,2.157368880800311,15.663165326169029,-16.03124988324861,1.598714226461683,9.017927978712748,-19.03643000750462,1.9855104683278202,2.7627630056432,-14.356186973803279,4.718752445691808,15.81193671257602,-15.96222379525973,4.080201475024333,8.268926208096428,-16.587039673990738,3.267245413202166,1.3725386214308521,-13.344173756442752
3.42097,17.6127,-15.5613,2.1642715533422887,15.652376735507001,-16.179941195322534,1.6384597536524286,9.04040030965686,-19.263392459956744,1.9773768787408226,2.623968248338733,-14.802909323304556,4.725016077936832,15.7938474260678,-16.07916016434896,4.078852379856325,8.245628969587909,-16.62872390376735,3.262463237485884,1.3668873567165472,-13.349446353035425
3.41969,17.6028,-15.6991,2.174842104094764,15.636204953212172,-16.321781984406467,1.6817258677245277,9.05925778075962,-19.484531464567965,1.9687396714783922,2.4834038672981222,-15.258760125177286,4.734116655644257,15.786288103713861,-16.198606863300743,4.086162107452353,8.232423077467617,-16.661670318861095,3.260301479642511,1.3691943378960785,-13.352397867865921
3.41525,17.5912,-15.84,2.193860170007429,15.611305691398961,-16.46697737252186,1.7267645859771392,9.066149144593048,-19.698869929406836,1.9679549979486943,2.3418933168336213,-15.710438436255137,4.750568729710849,15.785835216795695,-16.324274610681616,4.103416252063306,8.22659135141167,-16.690574418861935,3.254519834084823,1.377501139494413,-13.357921301040435
3.41497,17.5784,-15.9751,2.213875273788648,15.589292415118774,-16.61204402433004,1.7773583249646547,9.074561126795766,-19.909029192692195,1.975040486001159,2.206975843089255,-16.170236718941666,4.76775892166118,15.782133249703202,-16.444490992788236,4.117674968489269,8.218999433286289,-16.711974494977785,3.2471104363341836,1.3777194697234725,-13.36888542666531
3.41978,17.5728,-16.109,2.224823794698455,15.582700990863556,-16.75433775415666,1.8348551634118642,9.094211219443,-20.10841094340711,1.9774361660051252,2.0895763853464073,-16.63046089686993,4.776743083549309,15.774497671700717,-16.558110158891424,4.122980175132188,8.208892354701455,-16.729457589904413,3.2450684651186643,1.373497088748941,-13.376267876992554
3.42186,17.5667,-16.2439,2.2412340481127515,15.570809852856184,-16.89767373605786,1.8941098105788292,9.104756426938529,-20.299443843363825,1.972663580532109,1.9691207901979393,-17.096646879388164,4.790312003399501,15.773089539164701,-16.676613112900256,4.135215741794319,8.206120865669593,-16.760181513141323,3.248204983366329,1.3813213531473014,-13.387858546480018
3.41813,17.5521,-16.3824,2.2469404209553803,15.553672746810644,-17.04533189645832,1.9461191119175782,9.103517771582428,-20.481520095849156,1.9891573799946134,1.8441174232410633,-17.569368087878065,4.79372276989171,15.76122822130579,-16.803663353022845,4.1487956200105165,8.19292470607876,-16.8029097665797,3.2447908596854163,1.3822933090839227,-13.406541996337417
3.42159,17.5412,-16.5264,2.2433846324683913,15.54897528863853,-17.195539766457582,1.9936334881606743,9.105664637737124,-20.648618715448308,2.0193668410337207,1.7354039040385913,-18.029464359668683,4.789076692893541,15.740080573308298,-16.929995050086834,4.151523363030519,8.171617673129496,-16.846061890120716,3.246049816947429,1.3763677962073677,-13.419411130166278
3.43051,17.5308,-16.6669,2.262589434133729,15.53317926503063,-17.337979851240924,2.049851738651493,9.098036022528419,-20.808722729568906,2.033970132891896,1.6259846284434287,-18.495808817141786,4.805271410401741,15.730575592516924,-17.049212903358207,4.158561396864458,8.164117208650467,-16.889139861430827,3.25084576170525,1.3857610116594792,-13.429778900853826
3.43507,17.5087,-16.8008,2.293454410311785,15.495478466471306,-17.470522418627066,2.1109124123266825,9.070892412325657,-20.9624780967413,2.0518293013279147,1.5067797458343604,-18.971979721417036,4.8315722790171565,15.721068351994084,-17.162869723463995,4.170750733951654,8.157698692950477,-16.930697413788412,3.2392452525103588,1.394653881546155,-13.447773199834753
3.43716,17.4936,-16.9429,2.3122270932635445,15.470690729899955,-17.611659490384444,2.1662935329191386,9.050757424824404,-21.113879038101622,2.0753098025676118,1.4108315993968397,-19.439175968801237,4.846562782120683,15.712270952390615,-17.285523161498567,4.188301898992292,8.151545688928042,-16.973632483013123,3.231391517290534,1.400578995698793,-13.474202544942703
3.44215,17.4848,-17.0891,2.322227978928364,15.458610784473606,-17.756338447107062,2.2143777071755473,9.041055290931807,-21.264291099618166,2.0943842938684507,1.338822714322764,-19.90687077262538,4.854441432207365,15.702798636964358,-17.415970098899457,4.205149567711749,8.145540600758626,-17.01419809384195,3.229705350153868,1.4079543102293286,-13.494158574281501
3.44748,17.4649,-17.2285,2.3327641994192585,15.435471536126466,-17.894611109087688,2.2561280069560032,9.020229406778604,-21.407612293532473,2.1209657322908897,1.2677512447505555,-20.376986981242194,4.863109912721412,15.68335776114776,-17.543204957532414,4.20955382338749,8.132154069113575,-17.045875152827225,3.215108635844991,1.4077080389204646,-13.506080947063776
3.45104,17.4439,-17.368,2.347619456605454,15.409647970745379,-18.03819176478291,2.3045680908803514,8.99328366921424,-21.549715328139904,2.1446400140442576,1.2053469008400857,-20.839899204349145,4.874435586361307,15.666007307871771,-17.667970980106322,4.209312552894046,8.123276302403516,-17.067995960090155,3.2036721104815955,1.4074846456014791,-13.514959457860625
3.45839,17.4307,-17.5133,2.3629349656539276,15.393568810714925,-18.187799815464988,2.35703101563996,8.974154095428787,-21.694003155633297,2.164340959300295,1.1647408009098248,-21.297380456930625,4.885979430476597,15.653149615641448,-17.794801435094072,4.2072999597660825,8.121449313413954,-17.082036096005083,3.19393666698375,1.4128441016174191,-13.517635780066858
3.46732,17.4141,-17.6632,2.3749757078020637,15.374955074844141,-18.33665908354419,2.40020030709673,8.951366710317716,-21.8351242111075,2.1948805096727564,1.1326706124444117,-21.750211682971507,4.895519529477998,15.634456454737023,-17.927878984251496,4.204581738313588,8.115720901496934,-17.099404274722858,3.1729786394666237,1.4142051321251854,-13.526909333862346
3.4722,17.3876,-17.8137,2.386669921722266,15.342799424560454,-18.48100073544912,2.4431324976868303,8.911660925975013,-21.965201016086418,2.2390714411932353,1.0958226564540343,-22.194125146448197,4.904906392363624,15.60930544740036,-18.062619437522695,4.209196864343051,8.103782110174759,-17.12546556428333,3.164198393793444,1.4109377628574427,-13.540629249708497
3.47947,17.3534,-17.9662,2.398491887158216,15.305095492815367,-18.630135374188345,2.4807894539389164,8.861929972385562,-22.09152630745663,2.2972407449943804,1.0603629247884738,-22.62372598881685,4.914686146832008,15.575338345422146,-18.201978229050734,4.213109808918412,8.084560155364663,-17.157381443404162,3.1571725860768654,1.4076175308967516,-13.54619432084404
3.49553,17.3265,-18.1196,2.414030818913841,15.280220997556645,-18.788910825524198,2.5139909761434787,8.82241559035587,-22.222442432450286,2.352187250440231,1.045066154107622,-23.03977365563065,4.928486178388494,15.545616876097272,-18.34770501686386,4.207669761046899,8.070582963967198,-17.207774580328163,3.126037631957478,1.4114940316243771,-13.571314049587638
3.50471,17.3124,-18.2708,2.4317757680976335,15.262053458267602,-18.941446261834482,2.553665604027736,8.793898292598573,-22.35472820547632,2.4035707643288537,1.0504493166397406,-23.449189042311414,4.94330386946528,15.534721986928139,-18.48816736065828,4.2046523412476065,8.073836872210528,-17.26966954777918,3.0964006177643038,1.4297047616035359,-13.613917193289039
3.49913,17.2931,-18.4251,2.4344734602706737,15.236361702614959,-19.089335834757318,2.5875246373954606,8.762779933241909,-22.49105546142954,2.467360981713095,1.05935964862603,-23.84170406190618,4.942828432371432,15.517370850948286,-18.623747513143513,4.203304416455538,8.070271625056936,-17.32414486434799,3.0780640756972395,1.4442153995982627,-13.64087841515465
3.49551,17.2668,-18.5833,2.4303341036639696,15.208418904285312,-19.241587771695347,2.6109050735113746,8.72550599832078,-22.624133615374674,2.5296024992009545,1.0637775428942557,-24.196610004471143,4.936563129409487,15.486931295021332,-18.76322576290916,4.19739612921848,8.054435103750123,-17.38236291392239,3.0545708345069613,1.4559515813399386,-13.655272330986199
3.4984,17.2391,-18.7439,2.438112899968633,15.176388767263369,-19.396501602467914,2.6343624433840565,8.68725071312525,-22.766213079302567,2.589708717732164,1.0656616476891312,-24.524269162013773,4.942119326093381,15.460008834336827,-18.909577821767076,4.193070034720873,8.04359706969703,-17.449813665627115,3.026676795728133,1.4813819136279207,-13.66641602320943
3.49915,17.2127,-18.9099,2.4420419663898754,15.147311639047782,-19.559183250526708,2.6604381285397762,8.664095892070705,-22.938916775610018,2.659610060952553,1.0786443077155177,-24.847397481107283,4.9437194962761914,15.433056217264234,-19.061646452676953,4.190930260242595,8.032769631135572,-17.52404556024081,3.006057434311205,1.5067876702807208,-13.684140028052648
3.49479,17.1862,-19.0743,2.447428568318741,15.113662867414389,-19.716560913628477,2.690345296832089,8.624209164862688,-23.082621535707617,2.7182928850657886,1.0524153755882795,-25.044389302943415,4.945884897158873,15.41053112374982,-19.209443073287765,4.192428141676008,8.025759398434232,-17.599288056607396,2.9991358221432205,1.5342172997321812,-13.704012291775609
3.49218,17.1531,-19.235,2.469036015324625,15.064846491622834,-19.865276833675132,2.730234160581714,8.582721794882147,-23.244066106607683,2.7739557875178558,1.018468856545999,-25.234428116835687,4.962931546811651,15.39256093487413,-19.354716734914646,4.200241854296291,8.024599279393566,-17.67346863560176,3.001129691202169,1.570188236477053,-13.71873137851882
3.49528,17.1238,-19.4043,2.4853147131249926,15.028884596834768,-20.033724172226506,2.7662359071089546,8.562643171643348,-23.44124337539682,2.835314474880401,0.9898587792993387,-25.398164356451872,4.975877933625332,15.371030418134136,-19.51640959250626,4.203158380489341,8.024454280167472,-17.748395668238587,2.999820970022696,1.607612929270502,-13.73425007830877
3.49401,17.0975,-19.5807,2.4835623807076557,15.004773614592983,-20.21659865559081,2.8000130511801578,8.551511076552842,-23.645540707354098,2.9035468162335683,0.95655452322542,-25.512969619015955,4.972976863967352,15.343265079220327,-19.691410735276495,4.199269922335304,8.019518915536493,-17.831499610103847,2.9952663644046584,1.642462912642884,-13.754641649417483
3.48427,17.0684,-19.7543,2.4775321384209565,14.973725624249823,-20.389668675127563,2.834716912423848,8.53206683440024,-23.836382048537,2.9752166435868697,0.9100813708768252,-25.58765942431981,4.966068499210984,15.316433847880358,-19.863055774398088,4.199641140877586,8.010786543939671,-17.93037466517015,2.9956928423016267,1.6780093917334034,-13.785054327969036
3.47152,17.0327,-19.9285,2.4740076811142453,14.93296909132797,-20.56172547369242,2.8678125454316064,8.498289159630755,-24.017473426237352,3.045601210194857,0.8465641769264316,-25.630195041175305,4.960579115574408,15.28664602724793,-20.03308720506464,4.202562744095285,7.9963217308971934,-18.040166602092196,2.9957683230710237,1.7146937565640021,-13.818551285578593
3.4637,16.9993,-20.1077,2.4732198239230145,14.897425965943215,-20.744841884866194,2.9067503812396436,8.466929984242894,-24.203621249219193,3.1095629497706683,0.7845828554635021,-25.66025596064439,4.956905835494788,15.256443678541508,-20.206331559342008,4.2053894863907715,7.981250292896354,-18.156469594809117,2.994725572867625,1.7588449838450346,-13.849126594588956
3.45986,16.9733,-20.2946,2.471227180921206,14.872708496384053,-20.93880159862523,2.959966840641542,8.469378923477942,-24.440356386405632,3.174872761496523,0.7493249991250819,-25.679694063478884,4.952351689679269,15.229499384602452,-20.38716337763509,4.204723735803232,7.975963476703937,-18.26056539716152,3.002068411761684,1.798860107408161,-13.886293709239965
3.45033,16.9421,-20.4863,2.4597995210571346,14.843454685386366,-21.133920590646984,2.998369869847798,8.456163331206929,-24.65738949817171,3.2456961851934274,0.7075168271279537,-25.69598570272384,4.940401779215035,15.196150102355245,-20.57732228629828,4.206685939695569,7.963403259653379,-18.37637161184674,3.0175618485633846,1.8354293190779272,-13.929894585854134
3.43854,16.9673,-20.6804,2.449394586381649,14.86758619258032,-21.326672770077323,3.0132896327637604,8.485109356279427,-24.854900911342234,3.311686256725836,0.7144314304638657,-25.696862344900023,4.9304412820608015,15.223040053083984,-20.773822754570965,4.213546784451974,8.00744579346649,-18.51187415767105,3.032468075280675,1.936458793466083,-13.985793226917473
3.42976,16.9583,-20.8712,2.430382347817136,14.864308333681251,-21.5202904601052,3.0508956569074464,8.511977670942153,-25.093138118560827,3.2907002755496486,0.7305049540085777,-25.849809201690185,4.913106262298169,15.20687843967523,-20.966836776698873,4.216433523450279,8.003647633584567,-18.659617076653614,3.048019978174265,2.0082886380745837,-14.03060865525969
3.42684,16.9496,-21.0637,2.397369125119819,14.873347723727319,-21.72266996801101,3.0711609733922227,8.53613318352927,-25.312669748341015,3.2910164943878404,0.7425702559964051,-25.939898153326773,4.884380295040185,15.17700283413716,-21.165756772489395,4.215812871902079,7.983285202191203,-18.82084868736269,3.0669466745912137,2.0772108645547194,-14.073677841253286
3.42573,16.9448,-21.2561,2.36856424443931,14.88533102840277,-21.923829987339595,3.0605260189890977,8.533668333325796,-25.484721998703435,3.2909773678786185,0.7337741677922436,-26.02316253378464,4.860321260078592,15.154313234034356,-21.37031500037107,4.223928796884648,7.959611822774138,-19.019479844358536,3.083816651783785,2.1705973224121404,-14.128192276206885
3.4277,16.941,-21.451,2.3533105995332715,14.892572462665772,-22.125171533179845,3.0539050680670385,8.54900635934359,-25.698785738645668,3.287958224894139,0.740628073961834,-26.093529579263635,4.849130682486627,15.141079244604363,-21.580460797476928,4.245509590785587,7.940042322330904,-19.240405559485247,3.1143301520348583,2.2717794778470974,-14.207665941110903
