LeftLeg_Xposition,LeftLeg_Yposition,LeftLeg_Zposition,LeftFoot_Xposition,LeftFoot_Yposition,LeftFoot_Zposition,RightLeg_Xposition,RightLeg_Yposition,RightLeg_Zposition,RightFoot_Xposition,RightFoot_Yposition,RightFoot_Zposition
0.08823941301208693,0.07868522205613915,-0.5591611809978372,-0.12426040411381134,0.04772816556606019,-0.9857457889550875,0.2986260709903368,-0.09418203235753564,-0.5208196500268761,0.08446887654764268,-0.04827731034663624,-0.9470021558946772
0.07490849740783112,0.08052933283523073,-0.5583161826639265,-0.13910003841292085,0.04850576479142149,-0.98406702183716,0.30499439271082984,-0.09167726951860872,-0.5184784190219828,0.11412231012693042,-0.04543469090640956,-0.955549978100816
0.06136267281407681,0.0830431742071755,-0.5577046162784021,-0.154635758381382,0.04997830566317102,-0.9823695801739177,0.3103031816086754,-0.0892632754243406,-0.516289149276101,0.14495528704154204,-0.04238512005743189,-0.9635749505864427
0.048524430592202794,0.08453583697580391,-0.5578040611611148,-0.17019715764417942,0.0510637282848756,-0.9810409028351925,0.31495632208767077,-0.08718770386773861,-0.5137011101134132,0.17678886609339983,-0.04013449664604607,-0.970097676200896
0.037088434630164535,0.08534001778147071,-0.5591166160018526,-0.1836778873797109,0.05134945568264404,-0.9812490740355235,0.3172153217235647,-0.08583680741150213,-0.5114060428304479,0.20768350475881947,-0.03849088373261106,-0.9754784728730183
0.02497164224682802,0.0878361909424974,-0.5598746338144264,-0.19848525473639977,0.05196083240139282,-0.9804324933430356,0.31829931042852966,-0.083130362822049,-0.5101431484429038,0.23885784807696098,-0.03703447349223615,-0.9804263596981644
0.012065511591231814,0.08988894076204007,-0.5592648001063449,-0.2131461001151167,0.05200716198667105,-0.9787092423875055,0.3190619103784287,-0.07791810339872873,-0.5096854270326983,0.2694652141743439,-0.036121631331448745,-0.9844435742935862
-0.002309432492450192,0.09074469227479642,-0.5580220840154515,-0.22885482567006532,0.05164133225401446,-0.9766353320573598,0.3196976545390595,-0.07312903261941867,-0.5093743021780835,0.29939249169201165,-0.03579204292036703,-0.9866538065611966
-0.01830714157437363,0.09171694274220221,-0.5560620964569842,-0.24378906988715476,0.053195324518609755,-0.9753029870019032,0.3221252447962759,-0.07041981960304383,-0.5082725949064465,0.3303733016212802,-0.035289642521023235,-0.9860799995780564
-0.033814785275737336,0.09261319167685633,-0.5530869010382309,-0.25518420306858447,0.05354285068409137,-0.9744632514565668,0.3240990708431646,-0.06893509741126663,-0.5080051846202658,0.3590165171769626,-0.03445638025733733,-0.9846539711991974
-0.05111682072513535,0.09324049260210449,-0.5489815209740043,-0.2691728740925341,0.053994306407297465,-0.9720657133401429,0.3259327771767033,-0.0663757466013381,-0.50788339426202,0.3856465516882799,-0.03375553485150473,-0.9821958046638551
-0.06958874644242163,0.09364683846845706,-0.5448153265091324,-0.2854314557203894,0.05432807945710255,-0.9690262403391102,0.32804949672289463,-0.06358684320960922,-0.5071976698059105,0.4108020132128811,-0.03170041393469791,-0.9780876276356488
-0.0863798763923298,0.09349525439585787,-0.5411374138388038,-0.2995768944211399,0.05384647469435927,-0.9666535065343871,0.3295097582403377,-0.06244069979865541,-0.5066057025040115,0.43274650392808667,-0.0277794115019252,-0.9732349398816497
-0.10390289821256493,0.09248404045708863,-0.5369408923769629,-0.31407596612774036,0.05384589395871048,-0.9640513166578554,0.3304695435396432,-0.06256475307831028,-0.506263613636584,0.4498811042048121,-0.02680596668227664,-0.9689344081732758
-0.12647675056939356,0.0906651896988368,-0.5297890188224481,-0.3304022156068087,0.05261298575976975,-0.959969648158271,0.3332413604376028,-0.06271791551366829,-0.5048896545266462,0.4665623017570881,-0.023756552877186643,-0.9634849167889347
-0.14999668260675492,0.08969876295302487,-0.5201953857919431,-0.3429185681009357,0.0530574683151363,-0.9555429492349246,0.3366288465077638,-0.06122688811168375,-0.5030884153762762,0.4789002035152403,-0.022830370585864068,-0.9590342939181957
-0.1547823006139155,0.09174269392126516,-0.5174130185993842,-0.3520758563690798,0.056173982251389754,-0.9508862691913211,0.339667612378483,-0.0587452002378292,-0.5020394102065009,0.4869479342899381,-0.02296515827773221,-0.9566055452377128
-0.16000698276644743,0.09362685915833652,-0.5130629328708252,-0.3626475620807583,0.05822868359343364,-0.9440765105606096,0.3440701518782452,-0.05653734692229723,-0.5008693741789824,0.49181415938985973,-0.022151201885081018,-0.9553926156266663
-0.16694488137434105,0.0944162462026727,-0.5085829172950761,-0.3767621980846032,0.058792875186039095,-0.9361301175163239,0.34711831852232544,-0.05507591419212976,-0.49989126495999003,0.491286981989389,-0.02054050604866242,-0.9555498847629155
-0.17539916384904863,0.09437037002895093,-0.5051818451829795,-0.39360683552209386,0.05905937772264008,-0.9285345175691158,0.3478409065382164,-0.053613907858438614,-0.49920020787269037,0.48609696764753685,-0.019519944388665555,-0.9567206325136891
-0.18315322905883713,0.09466311235456742,-0.5014394270039517,-0.40937668045440656,0.05981840286812906,-0.9206025642555391,0.34796429854122324,-0.05176212753335585,-0.4990067803876421,0.47879421563759106,-0.018777661736612772,-0.9587867642395744
-0.18844411020588048,0.0956001883346908,-0.4978246966951787,-0.42072235435413985,0.061420859837677144,-0.9137183491713926,0.34824284072761347,-0.05007380910360437,-0.4990614443662411,0.4680867547729408,-0.01738005183789082,-0.9618471725865148
-0.1947138563678874,0.09627516240343587,-0.49416379173374614,-0.4339986590106486,0.06295498018602946,-0.9061364705030119,0.3490634434853632,-0.04914470870742388,-0.49853360825779014,0.45423973245392135,-0.015481770351159718,-0.9648026620907107
-0.202657094606284,0.0959012283616964,-0.4908575918154142,-0.4498362035047321,0.06301713139496629,-0.898178182581414,0.34992934445347545,-0.04809258009666234,-0.4972646061490403,0.4390429031216032,-0.013727790003809026,-0.9668174898646005
-0.20905716579776001,0.09521897286685016,-0.4891137789848107,-0.46215202623813756,0.06288141807976849,-0.8928292896357757,0.35093156809933923,-0.04713580359401781,-0.49519885839628597,0.4249568828115662,-0.013877062842422239,-0.9674447527009333
-0.21331411908204467,0.09550249437331493,-0.487228483725892,-0.4710402570713139,0.06423646585042941,-0.8880883253521807,0.3521745844974016,-0.04650783092712263,-0.49309212588278206,0.413739495329543,-0.01592425096803013,-0.9673035577708572
-0.19404388879563506,0.09777608834523127,-0.4992957843610223,-0.4783343946152292,0.06695742922350928,-0.8818112192416154,0.3522889329016059,-0.045187493437301274,-0.4917301359394334,0.40187554093041156,-0.01772670937629872,-0.9675338238036351
-0.17329629361797405,0.09970531121591114,-0.5115861776818798,-0.4836034378843834,0.06953557162040552,-0.8733709236304567,0.35120843380320976,-0.04453013738778766,-0.49090041143098917,0.3870850639954835,-0.019541824364427696,-0.9680696972829974
-0.15590032877865978,0.10097115620418251,-0.5208402798335605,-0.48594420570013774,0.07176181323823394,-0.8647978251225816,0.3500510314231122,-0.045079933288343255,-0.49034943983286783,0.3712579230618307,-0.02128031698654037,-0.9684560406585966
-0.13884388223556066,0.10178562567411942,-0.5290668328061026,-0.48496845949712597,0.07340762402753931,-0.8569104013096805,0.3493797673391388,-0.04594178018280509,-0.4893149641056731,0.35595390972380514,-0.021906604169597388,-0.9678347303725874
-0.12239004256430874,0.1027024653317557,-0.5360867582494837,-0.4824015493524789,0.07640199194494973,-0.8487989893036152,0.34899850181593983,-0.04719832234667709,-0.4879646772625902,0.3415137340744512,-0.021792567649035366,-0.9664002545583441
-0.10640687895810585,0.10392549935380707,-0.5417210617783372,-0.47873122358036624,0.08000919655612321,-0.8398678917685365,0.34751000710765645,-0.04722432365923507,-0.4878640743857293,0.3267116367694576,-0.021542662154237002,-0.9658912240287595
-0.09007653330209009,0.104692594439943,-0.5467019017631347,-0.47306042359084644,0.08246224843454703,-0.8311629551023949,0.34452532657441703,-0.047013547460081406,-0.4895268310140992,0.3113615757080188,-0.02101521594439204,-0.9668383939675794
-0.07406806641435071,0.10502488421703782,-0.5513915679978818,-0.4659060861442701,0.0835479506607385,-0.8235875396621677,0.34018651641986764,-0.049479011788358174,-0.492239263700621,0.29553278879793754,-0.019881208876824263,-0.9684031959912751
-0.058670626571067475,0.10567915934293654,-0.5560168816929277,-0.4579259103096569,0.08221033552006402,-0.817040581931624,0.3339696434185986,-0.051346507212609804,-0.49547641104959395,0.27898849890431654,-0.018385518980047866,-0.97033715141971
-0.04524916318169181,0.10746178321545002,-0.5596931789672646,-0.4511368191442682,0.08521296715127219,-0.81039048707419,0.32733497869451367,-0.0506375690632912,-0.4990445065847139,0.2633593182760179,-0.017176733635568597,-0.9727422616023184
-0.031028439093703453,0.10959438334220661,-0.5627234256539915,-0.4419077554049138,0.08666971080913233,-0.8050900615344172,0.3205871429174185,-0.049681772769954335,-0.5030469846960655,0.24789261689414177,-0.016277340383402394,-0.975489283316125
-0.016333922569614412,0.11145585377050032,-0.5654206654246086,-0.43103668218225777,0.08709365708295663,-0.8010412161270604,0.3133088651022189,-0.04920150491438913,-0.5070740651316686,0.23121127859642754,-0.015912106004051685,-0.977981569799342
-0.001082876944349831,0.11314935552080996,-0.5676707547692923,-0.418859414616801,0.08680709199555359,-0.7975789736173708,0.30577855532138076,-0.048797786451608705,-0.5109597182841727,0.21473746890514245,-0.015460079768012724,-0.9802167839096695
0.015388310601497812,0.11469056897792312,-0.5694102224498797,-0.4043663628939904,0.08485953171200783,-0.7952532269141463,0.29825281444810603,-0.048466731416198394,-0.5146744923286539,0.1995885923177152,-0.014219868287539295,-0.9823224361704654
0.032457114665425335,0.11625421395851049,-0.5706939223566592,-0.3882864743247283,0.08417488595587824,-0.7943782723002694,0.2896267106362269,-0.04846772437189345,-0.5189660165632312,0.18387860630881714,-0.013342093836808011,-0.9849977797005672
0.04903821228542071,0.1182809349379067,-0.5711029994107493,-0.3722667689111083,0.0866846332726734,-0.7937972425136703,0.2800579785674575,-0.04864430703009609,-0.5238568802898048,0.16779933351312137,-0.013163629257891052,-0.988336367304691
0.06540807861793896,0.11981354715147408,-0.5708661194852414,-0.35534015098618554,0.08866580087834919,-0.7946733681574217,0.27040749126158303,-0.04899076653280754,-0.5283903564495538,0.15244873548001925,-0.013044268284860994,-0.9914191427473369
0.08115900443104529,0.12091573061252037,-0.5699092502193686,-0.3375779025622092,0.0892577401201109,-0.7973869716138301,0.2607066773807627,-0.04902826305019781,-0.5328640890757279,0.1371548144469945,-0.01309139194020581,-0.9944326692484269
0.09601853145330752,0.12240802521759292,-0.5677628104278774,-0.3195905987216272,0.08996377884050805,-0.8007979175756376,0.2511308218826265,-0.04876326018742888,-0.537963480813868,0.12171719842407724,-0.013583616845484425,-0.9979815049171465
0.11043417100396358,0.12350380671690397,-0.5655912474445959,-0.30109389195389547,0.09076915531342467,-0.805720453012674,0.24154301509016318,-0.04886997209286592,-0.5424003400348312,0.1062933377897719,-0.014270593502789586,-1.0007806226971014
0.12432444086570005,0.12402121059399823,-0.5638626551806629,-0.28232434729613765,0.09146322889812136,-0.8121884095548534,0.2314862429346014,-0.049688283730684124,-0.5458643057662371,0.09066520882045093,-0.014809947574565219,-1.0025425445298377
0.13816766685967719,0.12441272015639948,-0.5614155710192696,-0.26253644393585174,0.09181857228847978,-0.819219326786015,0.2211112459338611,-0.051109628937725415,-0.5496815112871593,0.07515650363131976,-0.015370226722757008,-1.0046781970673282
0.1520851917160959,0.12433388988522887,-0.5584667704615455,-0.24165019699435675,0.09192287834112334,-0.8268152554187516,0.2113271017930678,-0.05264551478876989,-0.5531787870971546,0.06044680725354845,-0.015826479925151682,-1.006479538402071
0.16552022015187062,0.12403976979089737,-0.5553494386949384,-0.22052515549933416,0.09207976834612597,-0.8346995158688701,0.20214045236473432,-0.05378357126940064,-0.556016782198572,0.04610626515371896,-0.015827837022622693,-1.0074752746443425
0.17870694666842235,0.12407576125579872,-0.5517530399980795,-0.19897934374172221,0.09200743070741096,-0.8422932740159768,0.19273163249617298,-0.0545563869774931,-0.5587755550904024,0.03125450140573349,-0.015823850908520842,-1.0082496950881215
0.19184580676945884,0.1236895674536288,-0.547894368568363,-0.17677702815809226,0.09164411675241158,-0.849853362523573,0.18321568894228824,-0.055917646432789014,-0.561176453013321,0.015828778758397055,-0.016257024757379446,-1.0084020483560208
0.2045214494952401,0.12306120961960865,-0.5437116461265896,-0.1536005147531334,0.09153129056159515,-0.8581054474302937,0.1743823015142878,-0.0578984859845767,-0.5634370319622779,0.001369710738169383,-0.01591761061947211,-1.008303669595105
0.216585247264931,0.12245832327639539,-0.5395834329341596,-0.12890204065677402,0.0914672584824403,-0.8678623191857017,0.1663518400525119,-0.059661973465794105,-0.5650949132639603,-0.011766129316590934,-0.014617250541869575,-1.007640998623165
0.22816786967866198,0.12078538158534324,-0.5359244451849893,-0.10302000363121522,0.09105623873560409,-0.8787359240024462,0.15797709028204943,-0.06142681158033653,-0.5659179026605171,-0.025736249473397477,-0.014125873959689561,-1.005933931730288
0.23806674332138167,0.11864188879305493,-0.5324812160875433,-0.07818607471461991,0.08990695194332476,-0.889198748400774,0.14943966681067922,-0.06317724246113049,-0.5670127761016356,-0.03990937355370172,-0.014401064680471476,-1.0044712325708411
0.24633819125472134,0.11655539741222326,-0.5288977175209638,-0.0539514193630215,0.08834258430151537,-0.899193715747431,0.1408075711388992,-0.0653346055986147,-0.5689255005969891,-0.05365461195411814,-0.01496901306420545,-1.003954053886975
0.2546506219509779,0.11414369400116597,-0.5250307678934686,-0.027313009969004653,0.08739628746138106,-0.9095694862158231,0.13106776177911117,-0.06786932907513454,-0.5711126152664894,-0.06781043968346978,-0.01566674864018952,-1.0039225358103285
0.26215835081147265,0.11140255370701763,-0.5218872396212247,-0.00105470362591209,0.08627610023853732,-0.9196013186792205,0.12035342509795632,-0.07033855616947576,-0.5727190174124918,-0.08241851694036106,-0.016242284401715046,-1.0034848571039185
0.2698009510203585,0.10816359939018616,-0.5187354670520751,0.0292147928898423,0.08823029401473925,-0.9308154389312219,0.10881737337383202,-0.07340700488170437,-0.5740987326422567,-0.09745175194359357,-0.017379816076555643,-1.0029531109545209
0.2755587988431438,0.10568091692944859,-0.5160745854648535,0.058559157142271,0.08813814228200689,-0.9411538085874063,0.09750969249591801,-0.07646334443441838,-0.5757469198047992,-0.11185414588900233,-0.01895439472231719,-1.002902137052542
0.27963912585398165,0.10308593052965431,-0.5144458321386375,0.08785471971725722,0.08716507762890435,-0.9515433125441047,0.08633845047820121,-0.07953156315819382,-0.5766991796604641,-0.12640520345870132,-0.020788660485243915,-1.0020125756843303
0.2834203547494374,0.09983706745818577,-0.5131811133330532,0.11825039842454133,0.08634917011107646,-0.961093941374288,0.07475550614564375,-0.08217790597151192,-0.57709044185919,-0.1415936844265051,-0.022540160588991276,-1.0004560554920023
0.2869296445169338,0.09682788831666367,-0.5119692823529776,0.14969475649320496,0.08588508038148057,-0.9692829382115352,0.06306949567716935,-0.08477382192415484,-0.5775626900276956,-0.15601624949157245,-0.0242105432873313,-0.9993868255235653
0.28944821770198725,0.09438979288231342,-0.5109501767694576,0.18069326608388736,0.08605763970452707,-0.9759145572257221,0.05102137037735699,-0.08744617103085495,-0.5784288639610466,-0.17020334946064808,-0.025822765473512532,-0.9989811852747371
0.2908934878884566,0.09218525593249416,-0.510169595497664,0.2113210894731452,0.08639164474229732,-0.981044957829272,0.038045064187860245,-0.08919120531767238,-0.5793914527459265,-0.18556841525064272,-0.02718083672557986,-0.9986214632922868
0.2919084965915344,0.08892148701439784,-0.5102383622354519,0.24175368862109692,0.08649515631516036,-0.9851778820986631,0.024749867896922018,-0.09131148401192446,-0.5791989537103575,-0.2002893805556536,-0.02867959130368919,-0.9975727798681446
0.29295736227361635,0.0851798509889129,-0.5107593768413079,0.2714070635196886,0.08692459011461817,-0.987856306070695,0.011258605572921354,-0.09358231784737281,-0.578225526422621,-0.21422344183259567,-0.030285163480512967,-0.9962606831847005
0.2939740282627137,0.08192085065879529,-0.5112461336345482,0.29995782319756703,0.08727737276048042,-0.9887651816737472,-0.0031457091923108305,-0.0948623605196891,-0.5769353242399465,-0.22948350647498583,-0.03182132581775543,-0.9945465132748652
0.29461744022797887,0.07851299366128273,-0.5116482487018644,0.32715622285587775,0.0868612006610936,-0.9880519372225284,-0.017482219840455615,-0.09601066352110599,-0.5756144970571571,-0.24482672477501333,-0.03339936680752653,-0.9927432269980797
0.295098488700656,0.07483531929000686,-0.5119748460565466,0.3524002182814009,0.08591018897440383,-0.9859820173310326,-0.03083719869372481,-0.09759030886697134,-0.5743812183080118,-0.2591795323855173,-0.035062855529844505,-0.9909771519962581
0.29523874080523016,0.07188041348158891,-0.5127744268990398,0.3748745974450096,0.08463013418565501,-0.9835020703727665,-0.04223153542129654,-0.09954737292268184,-0.5726872053336909,-0.2714718763895063,-0.037459530336828584,-0.9888554905477799
0.29526236255920657,0.07025032500078321,-0.5134800530942217,0.3950249834622317,0.08211085088121384,-0.9803801353040132,-0.053367890185416655,-0.1008901930357406,-0.5710003071082428,-0.2846119844863806,-0.039174497567172284,-0.9861140475770209
0.2958672245104239,0.06891683948677085,-0.5132176518366303,0.4126941071708662,0.07798553707098355,-0.9762059644138273,-0.0671056441551201,-0.10058239682412706,-0.5695775465043833,-0.30315199238697943,-0.03881647408025263,-0.9819719790761915
0.2976264124800846,0.06816986052112828,-0.5121290293316703,0.42833810783294035,0.07373074740006935,-0.9714464235224552,-0.08033531252658443,-0.09998632680919123,-0.56807684272559,-0.3209274976081329,-0.03889778303108732,-0.9779373873489763
0.29898592188637196,0.06751730212628315,-0.5119391946882691,0.440328857246315,0.0740895837713269,-0.9680838198993137,-0.09122461442239871,-0.09998373688010437,-0.5657809664790721,-0.334282709680797,-0.03987125884782494,-0.9743287948375158
0.3002886984497727,0.06594587073454938,-0.5116545582773894,0.4487304319946931,0.07308609061556781,-0.9655301011009048,-0.10184724718509552,-0.10003668787220044,-0.5632089558023489,-0.34806195362465564,-0.04131165177727514,-0.9700649059994099
0.30132959404993875,0.06371524769326786,-0.5108748947281346,0.451026406937175,0.07095411433481513,-0.9643364723642788,-0.11324615525833437,-0.10055177744546373,-0.560942780322982,-0.36353680860890814,-0.044242091402943384,-0.9656474675275633
0.30353043440720684,0.061800076453664476,-0.5097248695128759,0.450569557388274,0.06887930041739787,-0.9640576993547674,-0.12454521425784737,-0.10153361410667783,-0.5576315099284476,-0.37880142154973995,-0.0467979388920729,-0.9600738817713809
0.30644264689660894,0.06062571677880879,-0.508488171112238,0.4490727413736666,0.06656331834993612,-0.9642406701818088,-0.1333298891783452,-0.10232296783576283,-0.5537925270074664,-0.3929950282460912,-0.04811877359888428,-0.952838885996345
0.3084814422345832,0.059719541867660486,-0.5072236813303597,0.44381758410194105,0.06375572319581857,-0.965215796236125,-0.13864264429296114,-0.10283450546654427,-0.5519033597046361,-0.40581764847900614,-0.04921964620361474,-0.9460417107269964
0.3091487924478187,0.05922512929608581,-0.5063598730275424,0.43373516183918914,0.060952369063127954,-0.9674067172589884,-0.1420103427467836,-0.1031381971085123,-0.5515670622986066,-0.4189214331933624,-0.05045176285251529,-0.9390544341899978
0.3100216229041196,0.0589973274263188,-0.5052833680844772,0.42188103571036806,0.05811801063030053,-0.9695846042875746,-0.14512976871671168,-0.1034953367379765,-0.5513232549830094,-0.43335809347424115,-0.05258592786009486,-0.9307105776987203
0.3115837273495208,0.05841818546019828,-0.5036603547332607,0.4106064297340003,0.05589230959636171,-0.9708616643790131,-0.14681658023140498,-0.10396348035419062,-0.5516267894907544,-0.446329795838464,-0.05475930054084316,-0.9224001139193562
0.31394179968058344,0.05725550198077989,-0.5019059176375497,0.4003399490352416,0.05517028051028938,-0.9716078986964124,-0.14601671487406964,-0.10478876666246162,-0.5516697515521678,-0.45607240162248885,-0.056735501868847404,-0.9138277703780155
0.31745857277243106,0.05633805374744727,-0.49885574968977886,0.3901047300853907,0.05592199874646597,-0.9708846705166789,-0.1443893319952949,-0.10535637731529046,-0.5523876960770833,-0.4650098717270261,-0.05939197822369807,-0.9055049843263341
0.32138858733209275,0.05616937454300752,-0.49509280542202716,0.3786691056848088,0.05742396484287737,-0.9692302407628096,-0.14143833597531819,-0.10530674709098004,-0.5546708615003035,-0.4732126140524553,-0.06193209474955591,-0.8976672808444087
0.32446915856473313,0.056931246171807226,-0.4921005060185296,0.3657436926892669,0.058521609707244404,-0.9678975456769737,-0.13480448836632464,-0.10515106702849236,-0.5580289375390513,-0.4779256796271627,-0.06380967822858463,-0.8899337633883608
0.32652722037485227,0.057732822238896864,-0.4894896681055442,0.35188766804093186,0.058759080979457146,-0.966401330636756,-0.12442649179355114,-0.10513338571578829,-0.5625261788583094,-0.4781782671528869,-0.06552259589558374,-0.8832951650495555
0.32794054423522323,0.05737838115744365,-0.4877954132269873,0.3378546517070239,0.057365415438696554,-0.9652790775297976,-0.11133400906931756,-0.10608022960738078,-0.5666891314268339,-0.4743696602777432,-0.06666460189092138,-0.8769367744245109
0.3275723374717703,0.05760721067210817,-0.48682673963970524,0.3227673933793933,0.054926674259504704,-0.964381622986029,-0.09821684236404293,-0.10714194795016097,-0.5709036584396016,-0.4712785152458515,-0.06831470270948736,-0.8690974024985089
0.32579964125300276,0.05859909179001699,-0.48608405861547854,0.30750580414994066,0.05319180505737864,-0.963289502994887,-0.08623080832458463,-0.10775951597126016,-0.5755668815357534,-0.4703461231473187,-0.07237356136914463,-0.8598296734691178
0.3235005485787862,0.058879589062950544,-0.48640376413453,0.29272098097697785,0.05266380391912828,-0.9629569317920357,-0.07265530437081147,-0.10827339456929891,-0.5798486699575012,-0.4661785113619564,-0.07595495179024014,-0.8513207303209261
0.3207066992774763,0.05824307197179501,-0.4882800371508509,0.27811859502270087,0.052459003201209,-0.9639287912704771,-0.057858245765398886,-0.10855520331896812,-0.5829877182772014,-0.4593306368058969,-0.0775381389397935,-0.8427182260958745
0.3173402031222925,0.05726255505752764,-0.4911913136479702,0.26348835409232985,0.05149821607051286,-0.9656970460930145,-0.04392394694203383,-0.10912293275192014,-0.5849562587673764,-0.452815428368479,-0.0786657417307659,-0.8329122864702942
0.31250044429693513,0.05748786447468446,-0.49401988336300184,0.24757597290737599,0.050547861827987206,-0.9671219746172692,-0.029615201367032218,-0.1096802999351581,-0.5874681838332311,-0.44499787731930485,-0.07908831716313597,-0.8243720437659636
0.3067837995065458,0.05804012959893623,-0.4968802247438995,0.2323568778043824,0.0500795887305816,-0.9685646557845418,-0.013918756488867645,-0.1102066964155794,-0.5898778709067505,-0.43452771517555255,-0.07910250443350719,-0.8173041421593636
0.3006000605010899,0.05823565590297963,-0.5001836512261308,0.2180888635725835,0.049638073236972446,-0.9705100520637168,0.0026000833717835237,-0.11078359261985837,-0.59148930007454,-0.42208860993224584,-0.07928698002225432,-0.8111471087607207
0.29324088446048946,0.05919539315223288,-0.5034973932718844,0.20235230803456006,0.04939377024993552,-0.9722533364180596,0.019415645476190457,-0.1109391902485743,-0.593253538925735,-0.40843186913128904,-0.07908703907003761,-0.806640559270752
0.28547164713405304,0.059420001017053914,-0.5074825951634072,0.18719008928761072,0.048929023172640584,-0.9747294401417929,0.03626202333000683,-0.1113586312698272,-0.5936285191147367,-0.3933004326307109,-0.07849954868991244,-0.8033866008737598
0.2771668767730291,0.05887822975735568,-0.5120856754323374,0.1729156688878588,0.04795640761354758,-0.9780270224135353,0.05316240947869599,-0.11243365678522582,-0.5924992336212358,-0.3766963989852562,-0.07795071681871052,-0.8013877382820698
0.2681405758222529,0.05947952915608079,-0.5159862892684953,0.15826427441355506,0.04729671577304462,-0.9806019549728818,0.07044642947062407,-0.11331862343480675,-0.59155747599891,-0.35874544270441966,-0.07728727371638011,-0.8015530817590577
0.25916542281294286,0.06067080254060353,-0.5195886610622488,0.1442995968768459,0.04740785288935978,-0.9829663424083381,0.08833367983022045,-0.1136199098863388,-0.5901120329963636,-0.33914423232521995,-0.0767871321544415,-0.8034382077757387
0.24974235194505967,0.0613024248199594,-0.5233709625484154,0.13031352658697082,0.047270267847987824,-0.9855709123703644,0.10530451575217314,-0.11376721014800967,-0.5879591871552212,-0.31970156643381886,-0.07668202143583219,-0.8061256250537168
0.2395875325654594,0.06096058230958856,-0.5270965277554013,0.11536589439464906,0.04654901352272989,-0.988019765037243,0.12033578774673925,-0.11406254183476622,-0.5855974684255913,-0.30172308189548125,-0.07641708720847856,-0.809318737071497
0.2292711997912078,0.06014776938845823,-0.5306845031377191,0.10012745933831602,0.04640726592737798,-0.9902734849873531,0.1350046744950758,-0.11430869207091604,-0.5826984704900432,-0.2832352166090988,-0.07615505028934516,-0.8133969075246144
0.21987236488518846,0.0603644369671158,-0.5337453660262367,0.08581516492786367,0.04671425754883718,-0.991927948751248,0.15053326713304538,-0.11406175806435032,-0.5791560846912743,-0.26252378632910467,-0.07563277120655704,-0.8189667585497837
0.21138004359798546,0.06165482211057005,-0.5363900726821006,0.07216944011628978,0.0466972248660944,-0.9929923257799639,0.16605075570786598,-0.11331031619571463,-0.5751531677403395,-0.2406078689172022,-0.07437802942961397,-0.8255830297924361
0.20288142640150708,0.0625981475920514,-0.5391085776776962,0.05843950725906444,0.04651479732606423,-0.9940446140715838,0.18051703598672308,-0.11248371462900286,-0.5707546879993338,-0.21901223635484757,-0.0730494050349782,-0.8323333023990586
0.1941641596409035,0.06323357814732355,-0.5416888862112933,0.04463929596824423,0.04644343919315408,-0.9949540908638052,0.19421533460130946,-0.11169390784913469,-0.5661879558844019,-0.19747216985050675,-0.07168283667640818,-0.8392851707770872
0.18465299437251947,0.06382163088195547,-0.5441760864997945,0.030102227073256493,0.046411038020201634,-0.9957288198040259,0.20737116252943194,-0.11124887056878713,-0.5615747365937264,-0.17571816636945048,-0.07128263661217749,-0.8466139303361864
0.17454409442472585,0.06408674692580807,-0.5463175081641868,0.015228601699832867,0.046422638407254024,-0.9962013736441353,0.22052595280789328,-0.11079770061682698,-0.556838857540864,-0.15292744404653924,-0.07212799647676099,-0.8545623703876455
0.1644911320520675,0.06413377673041842,-0.5476792118007252,7.698048556215031e-05,0.04605712875276713,-0.995708408319958,0.2329724264545655,-0.11019301338901988,-0.5524471081933465,-0.12981832908126545,-0.07276555457424466,-0.8632269800747658
0.15535708468476983,0.06594883495936132,-0.5489459295270598,-0.01335324402923943,0.04619519203490974,-0.9953040345812139,0.24513433079566893,-0.10897188407052544,-0.5479497526610355,-0.10521621951028248,-0.07209685222279383,-0.872752461499444
0.14718494970941692,0.06710409294324671,-0.5505937442328008,-0.02694546862699987,0.045470220249268944,-0.9947778415768597,0.2558998797125036,-0.10810695105975737,-0.5428308860580195,-0.0802284917276136,-0.0712881185830389,-0.882336655125775
0.13877151161584173,0.06853499615159742,-0.5523234421169968,-0.041372596566703,0.04421802775218098,-0.9939632554333331,0.2658903796619874,-0.10636874453379591,-0.5377141878986679,-0.05465373610902413,-0.06959912402263363,-0.8919761539552398
0.12988273897206187,0.0700252049160921,-0.5536900006456767,-0.056052350138611096,0.043269664124469975,-0.9927813613503315,0.27536675084272033,-0.10440064344132671,-0.533028651252932,-0.02794511011406009,-0.06784336932484697,-0.9021730084552729
0.12089535912344612,0.0712662117666173,-0.5544052153596118,-0.07028277898494151,0.042477503677578965,-0.9911100002739581,0.2840101876142451,-0.10274915920145045,-0.5290330920861348,-0.0006129227292281936,-0.06671060869765738,-0.9128207725531019
0.11103523681510208,0.07265488799020703,-0.5549787795179832,-0.08481012923858444,0.041936911075110106,-0.9894784203241089,0.291706839153968,-0.10105438888626739,-0.5254550384961147,0.027474135233781838,-0.0656102063477419,-0.9236093601421633
0.10055248024722763,0.07444005799369924,-0.5558070615456377,-0.09907059373640614,0.04170639497850592,-0.9884363196986705,0.2985278047753685,-0.09915715771867606,-0.5219634785306767,0.05654120057789064,-0.06454147536770821,-0.934087626896885
0.08955762385406701,0.07651002387361505,-0.5567100881487544,-0.11280866817561619,0.04175446270523042,-0.987904793808667,0.30475542216206175,-0.09704909030267311,-0.5187163226841802,0.08638106206377472,-0.06377577082004854,-0.9439310928938862
0.07762866766634297,0.07809945279053299,-0.5576676204687716,-0.12692039271411382,0.04246721645541818,-0.9877594304376919,0.3100104124266221,-0.09478640605909289,-0.5158266311066022,0.11646719277295309,-0.06284082792106699,-0.953002314220086
0.0654678173202804,0.0797665195076942,-0.5581025289130144,-0.14081598269329276,0.04341867435433977,-0.9873050072094229,0.31439596073182396,-0.09249693585278929,-0.5135959578418773,0.14700253290939846,-0.06148818575126075,-0.9615021684275551
0.053180183507771706,0.08222275513023436,-0.5576452911188229,-0.1547179567600444,0.04409550360905157,-0.9859134493278298,0.3181267746733986,-0.09048025112934366,-0.51252273487707,0.1779212344825703,-0.06052497308821764,-0.9697394926184055
0.04035354447190709,0.0844009667054536,-0.5575201196332964,-0.16965290566085006,0.04458478454186987,-0.9846043056103297,0.3207402063007736,-0.08864516278396106,-0.5116853917733692,0.2088259908942517,-0.06069108435357834,-0.9767615722333804
0.02763881147651892,0.08582947778303474,-0.5577988497221921,-0.184315631111172,0.045440400492542166,-0.9838657178005198,0.3223078262593595,-0.08653191433704627,-0.5106483487036005,0.24001127603323513,-0.0610728792283578,-0.9820093474025127
0.014804431134786522,0.08678619211526262,-0.5572444328841797,-0.19812975954525186,0.04748384820158924,-0.9829242369311175,0.32299857099115725,-0.0846947346827639,-0.5105427158149869,0.2705562148458245,-0.06147286930405915,-0.9862659756966976
0.000583352288008876,0.08822084157717325,-0.5561710967326223,-0.21260723513347313,0.04966128252774449,-0.9817904962104987,0.3235632457432285,-0.0829280835505602,-0.5108311468379026,0.30059184437642705,-0.06189073085350455,-0.9889857455326838
-0.014828995971899683,0.09027577322121727,-0.5548670636735024,-0.22715569507962569,0.050182384577119765,-0.9807764817475356,0.32484856610173585,-0.08041231049535325,-0.5107261336178053,0.3303060640787259,-0.061976151858178785,-0.9895083382920791
-0.03100077673061019,0.09187442326665674,-0.5529004153143999,-0.24099485090676065,0.05066926442831943,-0.979858918060416,0.32631931764337696,-0.0776274762477725,-0.5106648988312597,0.3579699202155081,-0.062072352949122944,-0.9885334510903584
-0.04758203810309991,0.09313792420242661,-0.5499919132227057,-0.25498504940487293,0.05242693210223459,-0.9782623247576212,0.3274841548496081,-0.07543168012495827,-0.5109058110153406,0.3827573829191294,-0.06190585231837337,-0.9866830677050058
-0.06371656609479964,0.09382427867627385,-0.5462925334968071,-0.2695230118514827,0.0538696821304655,-0.9754035639667477,0.32870125256144406,-0.07411496741630835,-0.5111527584183666,0.4054851870326125,-0.06119009312479917,-0.9839521352939058
-0.07963211519559865,0.09360064929132406,-0.5427710197969877,-0.28450979114992286,0.05412051023178588,-0.9723701304647189,0.32978899750476914,-0.07342083903481977,-0.5108034609214687,0.42530356814433246,-0.0600776573508518,-0.9801657964793091
-0.0957690374694824,0.09349478421304691,-0.5388725380546665,-0.29928734101905313,0.055482489527492795,-0.9692494716189022,0.3312631550214082,-0.07245557381277373,-0.5100285422465212,0.44252360454426054,-0.05759173526916023,-0.9758635499670063
-0.11295366533496215,0.09380162095388367,-0.5330544123708237,-0.3141546880261653,0.05696763318677245,-0.9646217248312292,0.3341926987972771,-0.07100006370948725,-0.5090716728619031,0.4590985671607832,-0.05407961524522975,-0.97136411084283
-0.1358816839024829,0.09290459286841923,-0.5241884761012648,-0.32841514129453797,0.05705725266292372,-0.9597740306780487,0.3368582213887801,-0.06988074901099572,-0.5078366454120886,0.4715810359026628,-0.052217184854702114,-0.9673361965467733
-0.14899067969887553,0.0928984886215356,-0.5189163740688036,-0.34060420526520413,0.05782161001896502,-0.9549700505567489,0.33884477123505863,-0.06767609731838659,-0.5065443854038578,0.47708972560730956,-0.051786804762451455,-0.9650614938250249
-0.1555193573459192,0.09410212252516836,-0.516260426110756,-0.35301414255025637,0.05984322406253095,-0.9497475390268502,0.3416089124913122,-0.06440675801337753,-0.5052130480972665,0.4772681249934141,-0.05158204877829864,-0.9645976153593454
-0.16197669882318527,0.09533449103424863,-0.5125956082341723,-0.36619175813700783,0.06170088233897597,-0.9430069571629573,0.3437362702077985,-0.06244774696499078,-0.5044774247346672,0.473417702619499,-0.052019823842954616,-0.965645572213689
-0.16805176839387423,0.09637261564228183,-0.5083127472258033,-0.3795987770767818,0.06325045876204816,-0.9352081972039287,0.3444286324992993,-0.061788852268242045,-0.5042393671881528,0.46677160563333575,-0.05198144238242719,-0.9674219309557004
-0.17471743359212638,0.09678791167018042,-0.5047362622766659,-0.39404665829343066,0.06439306336593753,-0.9277424139652448,0.34454872593641706,-0.061295066554735766,-0.5037033330482689,0.4578346999374637,-0.05154521867862377,-0.9691851310847217
-0.18129833116074984,0.09704253076471803,-0.501667499190035,-0.408058166472133,0.06556044332479238,-0.9208068490858546,0.3440144626400451,-0.06064870767373909,-0.5035133210433737,0.44712456493365815,-0.051267582333545336,-0.9713619899894063
-0.18724755652060074,0.0975632262392443,-0.49831725655677284,-0.4208371362174309,0.06692046996161738,-0.9137518111088457,0.3426168642258328,-0.06017341400000803,-0.5042146183464375,0.4347287585601748,-0.04932751341644248,-0.9743208202890333
-0.19282851758102704,0.0979303443718148,-0.49523912130582526,-0.4327384158964729,0.06805370915667164,-0.9071123624002242,0.34143378125259805,-0.05972893274942975,-0.5045060923980276,0.42180670656470487,-0.046174697525312725,-0.9766909622599134
-0.1706270154598143,0.10004600724497187,-0.5082951994095365,-0.4416606846726933,0.07057681453099535,-0.9004192310690374,0.34124753465910435,-0.0595658011003119,-0.5033077158354835,0.4114119740220402,-0.04486520523539789,-0.9770828942400972
-0.15856628674896425,0.1011814383936766,-0.5147377718661772,-0.449787510878499,0.0720624514470824,-0.8921383847257889,0.3415081096128463,-0.05971113834197517,-0.5020774951427532,0.40281906701148973,-0.04618227790079116,-0.9771143486396655
-0.14779597842648154,0.10170560480624619,-0.5203982364271642,-0.4573358837382825,0.07389085179678406,-0.8830279730810893,0.3408890771473608,-0.05949494002656219,-0.5012354096608448,0.3919568311664753,-0.04732606623175134,-0.9775190213379961
-0.13608412531879338,0.10221659267856237,-0.5273451770423804,-0.46166287711272397,0.076858445535193,-0.875833885790415,0.33945161832788817,-0.05972420406857337,-0.5000221257973425,0.37801465399060574,-0.04765432382202983,-0.9774834184834954
-0.12326225061175977,0.1022815099833625,-0.5338141561166633,-0.46275227041639866,0.07866606089435246,-0.86889291758698,0.33841733295503607,-0.061640328213300566,-0.49892227137890977,0.3627360135777502,-0.04887852961364003,-0.9773026785984095
-0.11004197774707332,0.10245874598003973,-0.5388873740250469,-0.461240449396332,0.07972184943872024,-0.8617365747643476,0.33806478369434384,-0.06444792017888723,-0.49797717466213265,0.3467723420021897,-0.049893963921890605,-0.9768450442543689
-0.09788995334438563,0.10318595697791344,-0.5424658539758263,-0.45973282187732484,0.08144126082691716,-0.8534093312386014,0.33832842016745124,-0.06669285668162006,-0.4975398484620016,0.3315435798051454,-0.04996223917670084,-0.9763677174518761
-0.08624385219770397,0.10350527685021682,-0.5451146437519937,-0.45849784306200175,0.08232512022915572,-0.8435561063911882,0.3379150214106764,-0.06802683789861219,-0.4982039450377528,0.3172451587066151,-0.04961287955573007,-0.9765717519145994
-0.07211130383519365,0.10390389915600678,-0.5489474164782865,-0.4533661088172417,0.08310537526496536,-0.8358291594546656,0.3355015629110797,-0.06882117442317037,-0.4993553809889968,0.3029429851606961,-0.04843755880719819,-0.9769813046693543
-0.05599102264364064,0.10449516898834704,-0.5538527430668491,-0.4452788694641791,0.08506794977810211,-0.829835523041791,0.33106210071089515,-0.0698040635723734,-0.50085403933377,0.28790545850831406,-0.046915080068135384,-0.9775254926537306
-0.04072244296749994,0.105015214878725,-0.5580856459090141,-0.4377614573155263,0.08755502985121077,-0.8229329649353991,0.32537580990213294,-0.07073253205389202,-0.5032073124488329,0.2722706180155899,-0.04541454323102462,-0.9787500694948013
-0.026371365562223213,0.1063960164780296,-0.5611812836119006,-0.4301921859202107,0.08969261047851235,-0.8156192537431848,0.31956120068679045,-0.07047110343708718,-0.5064826779384125,0.2580613595239304,-0.04320221279481451,-0.9809046977502094
-0.012789612560308403,0.10858346662318707,-0.5628292437888748,-0.4222285159406399,0.09139322636370117,-0.808090776462965,0.3136153468580053,-0.06893295691423662,-0.5109002907454098,0.24376652126286874,-0.0405623254436866,-0.9841003801105374
0.0017446829077209167,0.10963362369378887,-0.5652098613748159,-0.4122981443497346,0.09254333780211538,-0.8026238430521906,0.30636119783981164,-0.06803305401085497,-0.5143865690999052,0.22841829841286382,-0.038805024496255835,-0.9862686544367366
0.017499001501877123,0.11103003691085839,-0.567307791389112,-0.3996907147366306,0.09390158707239854,-0.7991445793285499,0.29880672390257423,-0.06672390831058106,-0.5176804226666698,0.21352203510232443,-0.03721701061999588,-0.9882736021615963
0.032682189957640495,0.11239454912523072,-0.5687700043539894,-0.38673067023563495,0.09446486824220912,-0.7964986117335633,0.290475410137764,-0.06599173005582804,-0.5215678044836515,0.19788898749504946,-0.03652640281146319,-0.9907816412093274
0.04714755316572215,0.11380139958229057,-0.5700684517771795,-0.3737376860786438,0.09438549771324573,-0.7949408100427866,0.28142055917205244,-0.0659286841938474,-0.5253028626657653,0.18138859907883914,-0.03586024658479153,-0.9929475694270866
0.06181183578594536,0.11578479101882594,-0.569955644151969,-0.3595808809653546,0.09446700128642899,-0.7937025312386836,0.27326228643384703,-0.06539495268962292,-0.5292481093663951,0.16682502249284953,-0.03401047590276568,-0.995389932424348
0.07732945473813296,0.11712140116880515,-0.5687616143807721,-0.34351815324884455,0.09444409473380128,-0.7933990333376398,0.2654821318144229,-0.0651045913331948,-0.5333302842224994,0.15363356806312406,-0.03249249361447898,-0.9981188658500806
0.09323831851099515,0.11798412751680737,-0.5676913091222813,-0.32612425793603894,0.09438036398944444,-0.7949946993173264,0.25646615537399897,-0.06591740391771989,-0.5370197914602911,0.13865349965793114,-0.03208022580407288,-1.000244682061665
0.10813939187271351,0.11885266402908817,-0.5661296754185213,-0.3091638624340256,0.09437233845263365,-0.7971007709603377,0.2471113462565451,-0.0667102400175913,-0.5408718812588603,0.12358548346386652,-0.03211485546252735,-1.0025499036197192
0.12265144039947229,0.11986107771844468,-0.5639397526184345,-0.291621743329854,0.09468529745631127,-0.8002295084312326,0.23854949351851856,-0.06671227543095648,-0.5445419967731593,0.11104107886337544,-0.03162606565701115,-1.0050988747133904
0.13734509705918907,0.12055747369293035,-0.561545579579635,-0.27266738780437894,0.09544037264629623,-0.805159686031061,0.22963251901387055,-0.06636531551957486,-0.547802029842008,0.0984934357515862,-0.030719528839013077,-1.0072952229094068
0.15108423362229928,0.1200697515123651,-0.5588024123100157,-0.2542532618308702,0.09560564811226724,-0.8101825264712043,0.21988671240965407,-0.0664386274943981,-0.551284869943728,0.08432857647851988,-0.030424224036104175,-1.0094649985707143
0.16405161750117905,0.11965585321760913,-0.5558936805851235,-0.23586334705875556,0.09519837551394633,-0.8158144228826787,0.2105877079348263,-0.06723538403881985,-0.5543747475548116,0.0701050873595159,-0.030531253996828767,-1.0110141193750437
0.1782261684982002,0.12041043506044208,-0.5526131737248543,-0.21468338676055845,0.09544149995568324,-0.8229603080488748,0.2018634262064025,-0.0672836758212832,-0.5563556835534403,0.057021973977342516,-0.029612024593088204,-1.0115522083118575
0.1905876909591103,0.12053825646772653,-0.5487091672113505,-0.19461489281672728,0.09477355592347936,-0.8298569735862096,0.19304368865212387,-0.06717261323562629,-0.5591933812117267,0.0427732836319544,-0.02869397308427113,-1.0125588798652954
0.2014283494574251,0.11949768743193473,-0.5452103546496717,-0.17573032508263892,0.09359068878730076,-0.8370478111413293,0.1843086523163024,-0.06787324674129763,-0.5616951132279776,0.028334964085827974,-0.02844938848329165,-1.0130486816442001
0.21303121907650924,0.11793986369142223,-0.5423971441923381,-0.15479009185191978,0.09230359278371852,-0.8459415465652855,0.17609010195756392,-0.06959047915442507,-0.5623723823138985,0.014767843633710975,-0.028669886334650674,-1.0117082364306076
0.22374190538242217,0.11654197596187066,-0.5388619151408072,-0.13336301707700982,0.09088434382319444,-0.8549421259091983,0.16775718488861768,-0.07147590876360405,-0.564003184294824,0.0004364661375489409,-0.028646554155687787,-1.010961235125903
0.23314946429038236,0.1154556171657905,-0.5344639224289975,-0.1120275421432077,0.08986288309737228,-0.8635334979955631,0.1597667764170067,-0.07255546680784364,-0.566866468511295,-0.01366546046536854,-0.027598123962935206,-1.0112786333723878
0.24293708517591361,0.1142872710834093,-0.5300882871404732,-0.08844502098100082,0.08975484616285212,-0.8731232696388123,0.1526898962054849,-0.07290213364375453,-0.5687143922100218,-0.02632273576999178,-0.025369861289264883,-1.010638861345024
0.25288559692687435,0.11248791591017665,-0.5258996567486981,-0.06214191326339885,0.09037290238083545,-0.8841698527893757,0.14543599830465437,-0.07303431448417608,-0.5698041480005814,-0.0388463663888286,-0.0231589167504494,-1.0092976411334182
0.2624953533356913,0.10997992929154704,-0.5220540961070606,-0.034554231169057315,0.09081854402741413,-0.8955287606178233,0.13720118934333952,-0.073379548490902,-0.5705395911910441,-0.051624342816654345,-0.021694246619931357,-1.0078902785315627
0.2695008231869448,0.10682813482737552,-0.5192828725576225,-0.010070789864872975,0.08928434391406836,-0.9060914401296272,0.1277719618248489,-0.07566148584003407,-0.5718237727177188,-0.06610280205027796,-0.021455301964244555,-1.0066528670803316
0.2750841830814591,0.10443032099680477,-0.5170540963789915,0.014747434758011546,0.08857757926445092,-0.9171320980524806,0.11724400932687584,-0.07734638717672448,-0.573110969461344,-0.08102979247579312,-0.020317395224347723,-1.005589025942634
0.281281971965937,0.10205322982442028,-0.5142667520379647,0.04307430524701533,0.0892024812653997,-0.9280068940944384,0.10809535242911372,-0.07752622349095556,-0.5739376498846053,-0.09304428243093571,-0.01859668383172719,-1.0048346589089656
0.27954750740307677,0.09796832440653769,-0.5150123420489071,0.05794538877476835,0.08507936985376174,-0.9378779415496146,0.09249926833396549,-0.08362469967780894,-0.57749715431955,-0.11442931320771849,-0.02159413494889123,-1.0052059886014484
0.2871674771677059,0.0964800433830772,-0.5117116533554491,0.09227590012827785,0.0866294241969609,-0.9476120753234093,0.08345859797929894,-0.08234812539564312,-0.5774209670673479,-0.12290883315342138,-0.019772717545424423,-1.0053215132720505
0.29384319585571333,0.09355887856617301,-0.5092841755538248,0.12809871226785158,0.08915299868387344,-0.957166184294706,0.07254317658984805,-0.08306132944757522,-0.5768908536095042,-0.13449895889242147,-0.019563526441687185,-1.0043293391142483
0.2976451145369986,0.09016522761664153,-0.5078471924300859,0.15989797706978037,0.08932404118061993,-0.9651369888350334,0.06163059819418204,-0.0838986353036758,-0.5769510631079887,-0.14819942655050133,-0.019825673995704896,-1.0029417814189574
0.2974290186216576,0.0870470386867575,-0.5081954963908526,0.18590617672741694,0.08638114591758789,-0.9725780452595234,0.04981635653302463,-0.08508006434602328,-0.5779713963562679,-0.16286856283046103,-0.02029957323996684,-1.0024365760702556
0.29670832482237847,0.08347246978921435,-0.5093179915019295,0.21256914491040718,0.08376880298876482,-0.9794344132120064,0.0381167031284913,-0.08797976981187006,-0.5787798427762616,-0.17701170188298126,-0.021730022219979384,-1.0017843534418724
0.29589833218702016,0.08185700251664513,-0.5098598728216973,0.24156699726035707,0.08349847030209984,-0.9843431191009598,0.027608644637389157,-0.08902024220224047,-0.5787628787122635,-0.1916094595036424,-0.022162908091519384,-0.9995663903832589
0.29558495394419004,0.07885354370822711,-0.5111161303827632,0.27049525376930317,0.08322111850736774,-0.9880232184058071,0.014825402712339009,-0.09097866177978758,-0.5780356958133818,-0.20648572190906778,-0.023118961559764728,-0.9975813106719797
0.2950692267352919,0.0753932855200245,-0.5119349323836033,0.2980262142265463,0.08259688692388695,-0.9894580247287819,0.00121659357497661,-0.09270080232637734,-0.5776110350585657,-0.22093318557342528,-0.02471066122757043,-0.996692044029269
0.29469711931286857,0.07173825905708625,-0.512303526328269,0.3244275292765091,0.08116009435529342,-0.9888707000972126,-0.011734211023479824,-0.09453265544462691,-0.5771905500871475,-0.2333794965832623,-0.025875873811561978,-0.9964299679227494
0.2942314812143052,0.06791616141755691,-0.5128724684546755,0.3475353830083654,0.07916842920257411,-0.9873416665005913,-0.02585943678242819,-0.09631194565060602,-0.575887645856771,-0.2477672112498825,-0.027046523504599684,-0.9948880237421127
0.29425893226464983,0.06418043293666686,-0.5132840121455321,0.3674992304164717,0.07617299499757546,-0.9850688959145636,-0.04062146603992545,-0.09782315951011361,-0.5741514467219728,-0.26323747058174946,-0.029313265699860758,-0.9929002792148702
0.29572855169302437,0.06148081237108072,-0.512705876211832,0.38592363387178386,0.07234203167106767,-0.9815724035276507,-0.05522275156602585,-0.09865315873088737,-0.5725310212395737,-0.2782661123882199,-0.03160419389332314,-0.9912889122094918
0.2985417396199982,0.06052240832003225,-0.5111442162297681,0.40315676336420114,0.06844761552378403,-0.9770646249573625,-0.0687871966561352,-0.09895339611390469,-0.5706176167694744,-0.2938237441660286,-0.03323634872695119,-0.9885193967486827
0.30218465588449983,0.05895863607038421,-0.5094249782026999,0.4181299584804994,0.0642409068828439,-0.9726935005437898,-0.0811225256416338,-0.0995101781472697,-0.5676170702040269,-0.30800423680548206,-0.034923763752544634,-0.9846966309082398
0.30574464462706874,0.05498593898159082,-0.5084227943696571,0.429738577526666,0.06208941047229627,-0.9695778492785045,-0.09266703402484877,-0.0981045466350291,-0.5648259746006921,-0.32029705173294887,-0.033995604000918056,-0.981571333608766
0.3075311166486234,0.05332999973465924,-0.5074717164475776,0.43633633714231457,0.0574778234072616,-0.967342296180032,-0.104506175430635,-0.09879178288405793,-0.5616360594337231,-0.3361798251554246,-0.035322399954192785,-0.9762455542549583
0.3082500871308761,0.051861544280508376,-0.5069898418543209,0.43952896951159237,0.053281223287773405,-0.9661769267374843,-0.11432772248718537,-0.09925220645107968,-0.559030714608144,-0.35122487031707417,-0.036969457448707665,-0.9708591695126024
0.30910890812982383,0.050481676247338736,-0.5065779466732689,0.4405429741355781,0.04985454101875514,-0.9657224036426537,-0.12150219368059323,-0.09939804335040181,-0.5567544169594577,-0.3632531444934249,-0.0383557648982259,-0.9659394530552088
0.3088583487284078,0.04847830844399914,-0.506471527556418,0.4363555815256255,0.046846486048192526,-0.9667222550472407,-0.12768767340478115,-0.0994732877293023,-0.5548674065587524,-0.3766289298179147,-0.03950209308106495,-0.9598782488952704
0.30948965708665876,0.048570475022855775,-0.5055075918195067,0.428893970666528,0.04336729779781939,-0.9678975530171912,-0.13413905382369185,-0.09971068401275085,-0.553092673510069,-0.392242259412488,-0.04088975195368344,-0.9524983682099724
0.31195489833914125,0.04922693190462607,-0.5040065657410808,0.4209456494579741,0.03936547102887761,-0.9688858050399118,-0.13930791228745443,-0.09996966351382408,-0.5503662249034998,-0.4061727630823547,-0.042521701757557095,-0.9441745016607163
0.3142575058968472,0.04861339617807375,-0.5021942585377361,0.4097601889405579,0.035400439713522414,-0.9699480342403268,-0.14418405830365244,-0.10037438692212403,-0.5482639720019716,-0.42033529155717425,-0.045377832068291046,-0.9359725624007278
0.31566610678255114,0.04752694689920195,-0.5006100802141525,0.3974681091665294,0.0334143127189373,-0.9709272129379953,-0.14694764960131113,-0.10140445570179585,-0.5477777622443426,-0.43267650586290546,-0.04889783766411676,-0.9288343873066929
0.3176999576232683,0.04623053699081253,-0.49923788604917363,0.3884275027318168,0.033939713872665644,-0.9713983348386797,-0.1461192626567286,-0.10258710908899177,-0.5480335563191614,-0.44089283671462987,-0.0516764069621754,-0.9223579025595678
0.31996638190630755,0.04551337634440328,-0.49698494162273255,0.3796583358032678,0.03556351118275508,-0.9707220102529374,-0.14433227132051174,-0.10322071875961131,-0.5498890931337675,-0.44964778805187106,-0.05428403171437207,-0.9159351443982521
0.3214456370563272,0.045726833584482984,-0.4948444687939034,0.3682457749036323,0.0366789276859672,-0.9700463436507226,-0.1415792211641851,-0.10415924693789075,-0.5524885792188469,-0.45840501494021035,-0.057363951686727865,-0.9089064414013843
0.3221465707564488,0.04556012675752308,-0.49378008159149867,0.35447271263374414,0.03662319169400108,-0.9701875659093989,-0.13566984640571045,-0.1059314695241037,-0.555571132278583,-0.46422815532513934,-0.060866158286786265,-0.9014332884988192
0.32283717828908265,0.04646309565904211,-0.491980823949407,0.34015815981424424,0.03679767055212907,-0.9691553229826421,-0.1275523022887769,-0.10728425323136731,-0.559039945899542,-0.4680620134831996,-0.0634884974388979,-0.8933110097071643
0.3235321665095524,0.0478333846528306,-0.4902011778953558,0.3271117889094771,0.037153868470463425,-0.9676549176531418,-0.11447525443290507,-0.1086718177424068,-0.5641139389707039,-0.4650191096645198,-0.06561258296162426,-0.887945660087818
0.32381807714146393,0.04899130794896972,-0.48877988178307086,0.3142496942715115,0.03645416172270238,-0.9661059814098003,-0.1027686078714165,-0.11038327237956308,-0.5684782029547844,-0.46487393396102283,-0.06963117136332442,-0.8796390533561874
0.32217980165247573,0.049601608274795206,-0.4891773915245533,0.3002526320420995,0.03593763869782274,-0.966064626140231,-0.08598550200535948,-0.11208054960489716,-0.5732665035194711,-0.45776976054015206,-0.07439709031078562,-0.8731973251160281
0.32047769182083186,0.05048351722060851,-0.48930008746520004,0.2876745953285256,0.03554542200076527,-0.9655245613667736,-0.07299757596696022,-0.11273612886526835,-0.5768978463219052,-0.45626146014246094,-0.0791543936840009,-0.8625254673447078
0.3172936580715786,0.050042735387853865,-0.491076809022596,0.273681348016503,0.03459906867000517,-0.9664171070629358,-0.05739898736772231,-0.11377810192712712,-0.5808179822486623,-0.4494688455911063,-0.08164776139591717,-0.8544069864726374
0.31278882936084906,0.05017959328939503,-0.4932951942515579,0.25868436397608974,0.033950498083533565,-0.9675295905845734,-0.04210511402014239,-0.1146028798239982,-0.5843765496577251,-0.44203812979420287,-0.0828838139341952,-0.8463871591665117
0.3075346994176692,0.050016717299260105,-0.4963557806598372,0.24364542178345727,0.03329916858530685,-0.9693543252025094,-0.025980497042152217,-0.11581986143412415,-0.5868870324037164,-0.4327383096766162,-0.08588222397664463,-0.8383903036876362
0.30123985744941395,0.049216446018882254,-0.4999936519078618,0.22785284984923027,0.03226232382713118,-0.9716034951334978,-0.012101945375700307,-0.11758929907281729,-0.5888737320260834,-0.4252650739939453,-0.08813369418119216,-0.8297692949430336
0.2935930404228857,0.049161116911608904,-0.5041442801756106,0.21448954380340268,0.03149993338708029,-0.9748030300041839,0.0017212253673659639,-0.11925129202205498,-0.5906169445400893,-0.42056135364920333,-0.09009737498660064,-0.8151821874491978
0.28619337746140583,0.04952049192047936,-0.5080815680408955,0.2004666468194749,0.031357248313636066,-0.9775599632905975,0.026707327509224443,-0.12041132580188374,-0.5916538950061732,-0.3946099305699412,-0.08672271897535899,-0.8173947232959705
0.27491873382514775,0.05049240644503111,-0.5138205057714756,0.18071433420158556,0.03224378690265778,-0.9816681928956861,0.06902989140099414,-0.1218794288769231,-0.5898072610928574,-0.35007224418007377,-0.11556379841966274,-0.8220045662140358
0.26960705876789315,0.049858725561926553,-0.5159537255237489,0.17029163736831632,0.030788966046004618,-0.9827103330991965,0.06810216738236541,-0.12252010959559251,-0.590350071588826,-0.3534522722360077,-0.08148560563852236,-0.8144261739854424
0.26234743268762073,0.050124979560926486,-0.5181850709444463,0.15727231259141727,0.02998884177377753,-0.9836339880802547,0.07237443608989413,-0.12265710859283868,-0.5911894706063442,-0.35469437763160994,-0.08762388700167006,-0.8056352154316346
0.2558194242252152,0.05145496073810807,-0.519280646189233,0.14258000926951886,0.029943051605125337,-0.982749104702924,0.0887485675945574,-0.12366574585050655,-0.5909981420051831,-0.3356043957351249,-0.08640437109359977,-0.8104023994998013
0.2481907050292642,0.05230539198880352,-0.5219826088180478,0.12991241368077833,0.02980503502139581,-0.9841437485768261,0.10628277437846845,-0.12388043612570598,-0.5888778741757804,-0.3162397663382531,-0.0865436552906374,-0.8117741350806746
0.24024570879881257,0.05188582135257053,-0.526002367734339,0.11709668459264733,0.029473291086030307,-0.9868938253414765,0.12129007755683818,-0.12347193080598173,-0.5853206281391277,-0.29954599947462535,-0.08795816835569165,-0.8116784084065944
0.23158544578201723,0.051631573142773446,-0.529876645130222,0.1033642264843595,0.02929057421328074,-0.9893863164754131,0.13978730548173912,-0.12388390783483127,-0.5805799647931402,-0.27601612884816706,-0.08213806314490224,-0.8150300963623123
0.22313301798429608,0.0519730141238145,-0.5325710950776031,0.0900324697609085,0.029035633070814915,-0.9906617629417,0.1525178335079509,-0.12462258100527007,-0.5776906870390587,-0.2606843276877939,-0.08666584236608815,-0.8173265268403387
0.21331011773973962,0.05244962569112621,-0.5357113570103018,0.07504765701432348,0.028951325662942118,-0.9922420363967472,0.16757969712400644,-0.12402794626113328,-0.5737275875068392,-0.23928589697503655,-0.08578955394767235,-0.823928085975441
0.20503785358004012,0.052768643478705524,-0.5384891738226787,0.06190379678411184,0.029302343173100598,-0.9935176497516235,0.18291905600010994,-0.12316909863518771,-0.5688535708161945,-0.21649857033502562,-0.08526265728224786,-0.8308282589427085
0.19698436060583302,0.05302400160865328,-0.5408411627148071,0.04877442151687661,0.029723098341210674,-0.9942502729378817,0.19617778498734229,-0.12197935487405182,-0.5644377268570197,-0.19598518093824346,-0.08453977084592779,-0.8372170542380937
0.1890942717221591,0.053198357951126096,-0.5431254017729097,0.03468631218128526,0.029998218751406014,-0.9944665974803795,0.20818797655812893,-0.1206493461361528,-0.5599586738571084,-0.17658130565316998,-0.08373203439302668,-0.8431402186344559
0.181045776081163,0.05372887950887867,-0.5455154124702212,0.020352888457740193,0.030098430824824607,-0.9946349256661493,0.21995777467891697,-0.11888832562217788,-0.5551373121703514,-0.15654745305147855,-0.08332542685811767,-0.8493840954414731
0.17286312556963623,0.05484040500687126,-0.547335044626488,0.005925726501499806,0.030025334029345818,-0.9941068615709515,0.2309932621817279,-0.11712181014732059,-0.5509374383805946,-0.1361700178296843,-0.08389567264229442,-0.8570243955348984
0.1651157767820448,0.05575417756784912,-0.5485198775019796,-0.007271410356503916,0.0298228871124791,-0.9931536203250915,0.24161294996605998,-0.11595886627787877,-0.5469671092024972,-0.1144903456298818,-0.0848729536821296,-0.8660692631375982
0.15779511766533583,0.05674292825328037,-0.5499460492240573,-0.018607901783806557,0.03001435466582064,-0.9929545112812921,0.25252887407356694,-0.11427151361987564,-0.5420858777232507,-0.0905062920940587,-0.0842668309565826,-0.8752955257421019
0.14974573242764588,0.05871958651517856,-0.5507821033298712,-0.03107885361117324,0.030057311514633922,-0.9918828655677007,0.26327000498151776,-0.112080810215275,-0.5377306339336761,-0.06525633202750147,-0.08288696942225976,-0.885322695542411
0.14073270480944422,0.061155728767798956,-0.5510734473829993,-0.045411317411488294,0.029263562238070806,-0.9897330330260857,0.2725742649540883,-0.11004640243746511,-0.5345516119881621,-0.040326355664069835,-0.08223265048538381,-0.8963826119886343
0.1319096565184077,0.06285917792863999,-0.5527235322079715,-0.05890948072827373,0.02891514704501902,-0.989214997186286,0.2811865933209292,-0.10750682552204521,-0.529955422304613,-0.01286093303349678,-0.08014467678774145,-0.907300676420399
0.12296009875918301,0.0634620598938671,-0.555302274393612,-0.0727754508708569,0.029000704064930938,-0.9895705658178984,0.28861056937827745,-0.10497084200945467,-0.524542858165371,0.01610385346225729,-0.07788995617593075,-0.9177461022330662
0.11370478042973042,0.06383967131283785,-0.557415190291593,-0.08685752563280658,0.02877812767797283,-0.9894272143325088,0.2942812015027396,-0.1030853659398473,-0.5203863344946442,0.04403442645450273,-0.07713556146559725,-0.9281917230906358
0.10401576362809117,0.06550904582051337,-0.5579683766735952,-0.09973816462067386,0.029015916776044703,-0.9883653186084236,0.2993955317360497,-0.1005929967015814,-0.5182711741336978,0.07209131352695497,-0.07564952986440004,-0.9393563099301505
0.09352836390585262,0.06804468222383986,-0.5573622731110013,-0.1127844071734907,0.02959459120500807,-0.9863675998393733,0.304172368203939,-0.09737730114950666,-0.5174889529040728,0.10059713115258684,-0.07442399360179186,-0.9506544458445054
0.0821991114382401,0.07078515510124911,-0.5573204333893501,-0.12622819639933658,0.02968136655442649,-0.9850557198525893,0.30855837940263653,-0.09486605953127347,-0.5163445056646837,0.12988536282318575,-0.0740028747368996,-0.9604647105741847
0.07030155038853181,0.07327108630930468,-0.5582386864944867,-0.1392421073218757,0.029977747134632304,-0.9852118491962676,0.3116602567150353,-0.09276194759359008,-0.5148136001502512,0.15924049785149808,-0.0727497218029089,-0.9686525624145177
0.05808082409305948,0.07461871699905692,-0.5586929998886614,-0.1528210572005535,0.03089151066311696,-0.9849526241365838,0.31385446395350547,-0.09043862106283762,-0.5138277655729677,0.18939294588886857,-0.07129911016307106,-0.9761535007270754
0.045656607520857984,0.07542504121575905,-0.5587192964494498,-0.16784353801865404,0.03129994895388727,-0.9836423523767548,0.3156372682996704,-0.08880892697456605,-0.5134119043191756,0.22038245444400606,-0.070817822845547,-0.9826718710239476
0.033391183983062955,0.07661211654505273,-0.5590445076602603,-0.1822189120674067,0.03161225033471171,-0.9828088736624879,0.31612845095528086,-0.0872057611451843,-0.5133111801249505,0.2502671465464079,-0.07040098050515464,-0.9876338168095438
0.020443535929903778,0.0777973290066562,-0.5591395517908682,-0.19592669134232277,0.03246072185280263,-0.982480379225517,0.31561686444640435,-0.0849061639436074,-0.5135879573178281,0.2779322209197479,-0.06901151740113443,-0.9910073783678949
0.00646457835164127,0.07922690147752198,-0.558473687966602,-0.2102445057375395,0.03368089618093484,-0.9816186674309256,0.31549552412300375,-0.08241967382750787,-0.5140888819170985,0.30467602162691354,-0.06735111545866812,-0.992897771409184
-0.008573236066612644,0.08173048501515962,-0.5563425052949539,-0.22431757536306351,0.034895535872732475,-0.9798396209539336,0.3169862950335809,-0.07958141086260795,-0.5147469476654764,0.3320539431122915,-0.06644599499240239,-0.9934979294644853
-0.02550004464149347,0.08308683068525902,-0.5543471330909475,-0.2383089341295288,0.035246488620064076,-0.9792148979273322,0.31898057032395166,-0.07751375343274308,-0.5141396461316202,0.3560411395546861,-0.06573388332233415,-0.9917271507951091
-0.043948324795630045,0.0832559051095178,-0.5522858227812635,-0.25297292177287667,0.03566111367287589,-0.9790555417840452,0.3213026164322239,-0.07530864313961921,-0.5123703751456148,0.37650653433560577,-0.06388514313447197,-0.988210796755603
-0.06257791147883851,0.08417413625321435,-0.5480539031948812,-0.2675690376364366,0.036646824690319546,-0.9767831093651098,0.32442959499006707,-0.07301008777011958,-0.511854610513247,0.3954799722419482,-0.06162568053568668,-0.9855890455150824
-0.07937508582912556,0.08471587993646074,-0.5431604277126377,-0.28135409468555217,0.03741780371731157,-0.9733421466855089,0.3273141821407408,-0.07283110170895646,-0.5115652814997481,0.4118793507311038,-0.059436701643121315,-0.9830219582478688
-0.09824078716510387,0.08369962396632386,-0.5376513597128678,-0.2962618617406534,0.037438755600870566,-0.96978157787995,0.33008112868222206,-0.0736950114499994,-0.5095478425132303,0.4253607418722458,-0.05706411328008881,-0.9788529503893793
-0.1198660163157228,0.08366772755893254,-0.5313576112196785,-0.30557243769312814,0.037410314272746936,-0.9689216821240203,0.33510731957374107,-0.06742228371749187,-0.5093184991160105,0.4386317785574827,-0.054425883803922714,-0.9769891692714443
-0.13867623310741806,0.08318685961929767,-0.5230172130848882,-0.31988410672797185,0.03862809857225519,-0.9626388262057413,0.33702583632191496,-0.06655760740267763,-0.5077074571532926,0.4439898143780163,-0.051378081150656785,-0.9745375816347792
-0.14526890459309527,0.0840765617803707,-0.5198176515355187,-0.3323467544678811,0.03942090904963591,-0.9569637256761089,0.3401369269689076,-0.06372268803208497,-0.5068117145728624,0.4484526235442312,-0.05034086180654318,-0.9733850875213133
-0.15190657970176402,0.08490073094638212,-0.5163263322889394,-0.3454570761106046,0.0402722319817424,-0.9506481505195754,0.3427345585294783,-0.06214510035518145,-0.506062719648246,0.44947112207768414,-0.04977169306909934,-0.9730276867884746
-0.15844768164019718,0.08531182353709582,-0.5137177129107094,-0.358758369992108,0.041298079837761625,-0.9450266020709772,0.3431054207508648,-0.060393077991822586,-0.5054940669926502,0.44589881246492746,-0.04845429576197119,-0.9733541527458696
-0.16525123481284454,0.08556841111198138,-0.511109559096295,-0.37291791196307233,0.04241325192658024,-0.9390127289936174,0.34210794057352967,-0.05830189782380507,-0.5053887220773521,0.43868796754827954,-0.04679904362984577,-0.9745817084669307
-0.17146952574927177,0.08624566519400417,-0.5075889544657661,-0.38614907901020024,0.043672736439924476,-0.9320759089415185,0.3408640064188253,-0.05739062093266589,-0.5064112781361884,0.4295698371613075,-0.045392874040782794,-0.9771441168080051
-0.17724973137506406,0.08678922346754164,-0.5042934762955058,-0.3985632779623727,0.044830501564752157,-0.9254213893152232,0.33972011766356136,-0.057429767887193894,-0.5073746153133669,0.41848482934126796,-0.04348141440192521,-0.9798189394105031
-0.17139384923806933,0.08825963331211256,-0.5079667660382758,-0.41010147262741303,0.04704835455103645,-0.9195603039003263,0.3390048933234242,-0.056503505549957755,-0.5070935845703781,0.4077773480894189,-0.04097863906005661,-0.9810465397549114
-0.16010027397140836,0.09033192487506897,-0.5144262402077238,-0.420148530569016,0.05035550737860933,-0.9130058805003567,0.3385877070081107,-0.05537783799780277,-0.5057546770376629,0.3991575817517643,-0.039548136646776866,-0.9808155011127466
-0.1517784320980704,0.09143825939534178,-0.5191224209920303,-0.43029039012435133,0.052426770574080184,-0.9051251830902138,0.3379995289230746,-0.055461092255111255,-0.5042956324191552,0.3898002014775672,-0.040246496886085004,-0.9804125110874936
-0.14372167443598083,0.09179896885528638,-0.5238544800960109,-0.4386999760359569,0.05456995960655775,-0.897606726680112,0.33705353991498876,-0.05573895672537699,-0.5031449446248405,0.37789866929247795,-0.042040668308811036,-0.9803724669271643
-0.1338392538524602,0.09242168129269573,-0.5285838397085303,-0.444366466803644,0.05719646084415847,-0.8897222802437814,0.336183045421127,-0.05578928474502548,-0.5022180901652827,0.3642805655796657,-0.04382441753524213,-0.9804120330961975
-0.12295430940694319,0.0928667722977336,-0.5328428585866424,-0.4484952446842858,0.05886843144005088,-0.8806303679207026,0.33646355865528554,-0.05666255173592083,-0.5010005200721094,0.35028209118312126,-0.045367731885170126,-0.9798361400353055
-0.11201913480802372,0.09371958151505233,-0.5370777816883842,-0.4495348430378878,0.05980505768920663,-0.8732650675022149,0.33815857791759196,-0.05811331760747024,-0.4999566917922348,0.3376804871204828,-0.0466055057996238,-0.9789863541710975
-0.09982730736905743,0.09533908317356521,-0.5406926713555144,-0.44723201143166347,0.06127378709528186,-0.8666350996605499,0.33945207122043275,-0.059353758259769684,-0.4997857383438926,0.32559302080469266,-0.04719676457431338,-0.9785990735470049
-0.08592384729809899,0.09591830821199238,-0.5443646408201172,-0.44394942432225326,0.06278693549121878,-0.8587035307291923,0.3383035718733587,-0.06096482435811479,-0.499430536201264,0.3117934444189059,-0.04707257046176072,-0.9776630049507729
-0.07160859701505018,0.09607224528103786,-0.548836670226852,-0.44037816938597674,0.06520518577568968,-0.8507392480594507,0.33501960955647525,-0.06245405643973828,-0.4992679083653513,0.29644712161760967,-0.0464724316395741,-0.9766135133363985
-0.057835255233877225,0.09676944183435104,-0.5531222165953193,-0.43603161845438554,0.06855139605070865,-0.8433982784916537,0.3304416983487004,-0.06265892403147544,-0.5011822870099825,0.2805051193908936,-0.045371689084623634,-0.9774275655504686
-0.0444202454292022,0.09759937755585801,-0.5566539844482497,-0.43069825475903945,0.0709297729103735,-0.8362375516823463,0.32552829263765193,-0.0621578669300088,-0.5041864942820775,0.26497697004834975,-0.044032708774569496,-0.9791676430835312
-0.029364971585897903,0.09921482306986673,-0.5601958640720112,-0.42308215389834647,0.07264821511415531,-0.8292124714864697,0.3199134079164354,-0.06149558522803272,-0.5070224309152525,0.25128576354600485,-0.04206046670697522,-0.9808521454103022
