rightHipX,rightHipY,rightHipZ,rightKnee,leftHipX,leftHipY,leftHipZ,leftKnee
0.7803494765695737,0.7027883115813679,0.3307309462543253,0.8153455462212246,0.8073568800831786,0.7089993860877994,0.22606518789294347,0.764303557597954
0.7883814218335969,0.6914787021113858,0.3300409533772759,0.8006191085538554,0.777973368660998,0.7073526514963041,0.2252489163816645,0.7647481038061387
0.7799352495618487,0.686477187692403,0.32942447988905454,0.7918979647964769,0.7809822196622154,0.7105830914584459,0.22561044696960714,0.7714655598591026
0.7712208915622781,0.6830659280718612,0.32891701432744336,0.7839746104749045,0.7838350245420167,0.7137286890463569,0.2259623144044691,0.7776167396330139
0.7656745206286507,0.6800145772289083,0.3285254166512195,0.7781496070310182,0.7851602429632628,0.7149579378548468,0.226104372798895,0.7819331255753565
0.761488894728419,0.6772199811623913,0.32819174950401053,0.7752720700297998,0.7878714759986833,0.7134555455204017,0.2260166440257516,0.7817390739402744
0.7646248199132993,0.673751647513334,0.3280368028409076,0.773773568495046,0.7868311334681831,0.7096984400280104,0.2256398465924999,0.7785864741983428
0.7729253843306785,0.6694108734058946,0.3279810598071095,0.771694197114976,0.7823055442650442,0.7042637094266263,0.2250349331184321,0.774647327532115
0.7747769591700104,0.6667531327862443,0.3278348293777753,0.7699774269178429,0.7832425033044356,0.6989273044277706,0.22456967886548967,0.7703505084057263
0.7696143848811356,0.6649751463925823,0.32750829947654025,0.7691944306442653,0.790072510138823,0.6948161049208895,0.22437002601155615,0.7658355239380574
0.7657368719600592,0.663331362499019,0.3272381413356728,0.7694881916798112,0.7937777677361744,0.6919255608094593,0.2242028577913533,0.762359036876676
0.770012879702515,0.6625118355574516,0.3273336511014033,0.770560591212706,0.7899013938707419,0.6871695221188358,0.22364800137997454,0.7577050978814039
0.7758145708299778,0.6618795983308376,0.32750115709124683,0.7724135612257191,0.786980116096357,0.6811646182877101,0.2230116300605169,0.7518231797526627
0.7780100614447085,0.6594801653460758,0.32738732288708294,0.7720367925913826,0.789388514099677,0.6760866654409146,0.22263478534111453,0.7468480527252108
0.7757223454000437,0.6542085207273803,0.3268632986751394,0.7667176240645784,0.7956571932720433,0.672606990874878,0.22253902379637086,0.7450260657366196
0.7687780136686262,0.6466463352801484,0.32596052153309196,0.7578490336555239,0.8044122360723672,0.6704794066962763,0.22266046103969936,0.7447043008099823
0.7620572508637844,0.6387112350448314,0.325025408218925,0.7490506721919082,0.8101004403861143,0.6678337636630541,0.222620026495023,0.7441068319825326
0.7587926949893491,0.6321250993640184,0.3243431352408919,0.7418030805192816,0.8123583620076736,0.6632998575094724,0.2222678927278166,0.7417968360629373
0.75758773373846,0.6271633489650863,0.323882975995857,0.7369026765936266,0.8144003688301011,0.6577828729617706,0.22181526428987966,0.7364151340439902
0.7565417943473474,0.6229373335985126,0.3234857980731045,0.7333918140020741,0.8179765844964108,0.6512289715463733,0.22133025195569347,0.7289712461973509
0.7574166393209003,0.6192935427008024,0.32323360254708244,0.7306476020152473,0.8212712405431564,0.6439071408646955,0.22076514298847216,0.7209655545845944
0.7585323483536955,0.6148418666476095,0.3229246402865655,0.7276904060488606,0.8250285824931923,0.6371293693379987,0.22028358742607954,0.7134202656464727
0.757923923623362,0.609845097190604,0.3224700598525419,0.7229589097994067,0.8299227392399781,0.6305849172838434,0.21988872846623195,0.7065864459224906
0.755652176781418,0.6044172453591888,0.3218785208768339,0.7166265008954977,0.8345109620308933,0.6233621363376093,0.2194181388128216,0.7001583564295545
0.7523409535239777,0.598352244533361,0.32116542885915333,0.7102529769168946,0.8389272700196783,0.6155796306742257,0.2188913769718395,0.6926379341197801
0.7491519835760276,0.5925489254138382,0.3204748340477127,0.7030640081320741,0.8428711756948212,0.6083000211989172,0.21839810596550363,0.68356890197541
0.7484872636948287,0.5849615360120795,0.3197888710660959,0.6935767709434534,0.8441168769849247,0.6007303968046563,0.21772123973393936,0.6740749031070549
0.7513400427334087,0.5750249037710309,0.31912421254202045,0.6829686030878105,0.8429963079420004,0.5913166543163864,0.2167219939288092,0.6640581147922274
0.7477054944286731,0.5660620741957848,0.3180686996769202,0.6719640275376632,0.8463541604991769,0.5810961289281752,0.21596116204227483,0.6532312961193666
0.7384532175762396,0.5570768972078319,0.3165775564322019,0.6594320100236393,0.8536190639678469,0.5710321085772306,0.2155128820186184,0.6419269936935315
0.7344909323153329,0.546355281125277,0.31533408718282696,0.6450893942610297,0.8552633785229538,0.5610674388154172,0.2146694721413168,0.6311522745307275
0.7331212488011793,0.5353308692735306,0.31425606981830106,0.6290705680948047,0.8517574965082989,0.5509847342076148,0.21342396330291508,0.6203483274229209
0.7291081903113789,0.5238054073163991,0.3128815851960407,0.6121027616081706,0.8527724160722413,0.5406889540514043,0.21255614383456314,0.6082321816462614
0.7279349611428314,0.5105855168190921,0.31159124146413647,0.594930812278523,0.8577039161410728,0.5298445604180696,0.21200250274440924,0.5939638991794562
0.7326692930442978,0.49720248640926257,0.3108268059848478,0.578226853170447,0.8564005169392372,0.5174529699935239,0.21075580664400118,0.5776844811582004
0.7395948455525527,0.4850697573101597,0.31037667619676423,0.5619021135257382,0.8474108366174605,0.502694465354925,0.2085872884341937,0.559381137377237
0.7437903436960378,0.47244287853355305,0.30955472995982497,0.5446482945422131,0.8419086494588458,0.4874513422294427,0.20678443109724404,0.5399158931423965
0.7417776836632044,0.4578409325996186,0.3077924569021738,0.525427573619382,0.8448954644523483,0.4731151525079967,0.20602970950875962,0.5205997294272863
0.7387282734167885,0.4413564618537053,0.30566776922189237,0.5046284744226774,0.8514068408451877,0.4581616625243097,0.20568152474631504,0.5013926614911983
0.7421955204429881,0.4244523969944588,0.30427626649928446,0.4835386190772931,0.8550780878636638,0.4413798290612643,0.20489826037199343,0.48113910411673894
0.7489762189384985,0.40912887116799385,0.3034625635071442,0.4628399619236227,0.8543274827955819,0.4235615101773188,0.203529144010238,0.4588870992982858
0.7537888994326779,0.39473377598161546,0.3024415015701313,0.44197303261568005,0.8554605843483246,0.4060618778019423,0.202513351651299,0.4353764098522886
0.7557889575108909,0.3794151810548756,0.30085325615377134,0.42045834802613274,0.862227389369922,0.3893759440670103,0.20244472120886733,0.4114049231246086
0.7547083429097051,0.36268784785392283,0.2985670179608188,0.3976237258023528,0.8714777635252315,0.3729467577347909,0.20284223701820223,0.387247780566938
0.7547590001581878,0.34618002777613655,0.2964500921280537,0.3737942788847202,0.8792039276465156,0.35532352602832573,0.20298099583068188,0.3629304236095841
0.7582299699096464,0.3308506575002579,0.2950370294376937,0.3501406401841324,0.8850232579628021,0.33653291585876993,0.20279606768196048,0.33771281503747813
0.7569633475366223,0.31476916062041377,0.29263013155764483,0.3260472214647964,0.8974214023967231,0.31902874504802026,0.2039696198745293,0.3120726889395202
0.7538094378306791,0.2985460934196347,0.28980812879935086,0.3011695846859547,0.9119514375469963,0.3031701526871407,0.20573618128413623,0.2867843303669775
0.7537567431065896,0.2812145565957608,0.28740722867926854,0.27470102862905676,0.9213358834428821,0.2864988835307192,0.2064921379775101,0.2614641945488122
0.750757185386548,0.2603285609451647,0.28385045921916535,0.24637567827627035,0.9352030129526938,0.2691798677333695,0.2082116554042507,0.23613030312529487
0.7497685914183305,0.2393155072543955,0.280655398915932,0.21765519576059666,0.9505045807580468,0.25144399016910196,0.21029836042254413,0.21048230883379718
0.7504345823086368,0.2197351680505223,0.27799316188701434,0.18894287114275174,0.9636602175163357,0.23276111901280072,0.21191362682236253,0.1845663897163272
0.7449572372605032,0.2005085813506676,0.2738351170379633,0.16020644545528578,0.9797201624375588,0.21515799100494665,0.21441422223733525,0.15946292407588797
0.7381628567799331,0.18115823153472047,0.26927457445445785,0.1310436342867636,0.9965137461127843,0.19868036872254302,0.21728892744150094,0.13498493393225525
0.7308386818613352,0.16115988892117217,0.2644320332602361,0.10126783693385741,1.0148879851283625,0.18260230782191023,0.22070093902718455,0.11110078636908845
0.7224111789328891,0.14103208000283832,0.25921142000890346,0.07150226050524443,1.0343341641497665,0.16611974149996875,0.2244530561055297,0.08709537497293884
0.7168647988395612,0.12009311245260164,0.2546932013254657,0.041987345026065395,1.050817992227252,0.14857653468666426,0.2273418679652991,0.06220508432495033
0.7160673011124125,0.1004918467159985,0.2518061640140009,0.0131525744459409,1.0621488306188203,0.13066370469177252,0.22875811333575063,0.036880298033906536
0.7194909067788092,0.08308557527568268,0.2505795720746997,-0.014656983984541423,1.0700379633928043,0.11314971244157684,0.22925621046988778,0.012014370702405524
0.7212277842332234,0.0650378398341686,0.24865262540252828,-0.04146925217580875,1.0822626507465118,0.0978125643637072,0.23152303991840487,-0.010848789536690115
0.7185051929474928,0.04725093052567888,0.2451231620319951,-0.06757327001236017,1.0980397963523716,0.08302215087606789,0.23514672042241022,-0.03221709946857535
0.7141225025775576,0.03099680936195922,0.24115966477827241,-0.09342244568758679,1.111920315851726,0.06811560503208537,0.23817590763686672,-0.05310380322259711
0.7128881050942102,0.014521969911983844,0.23838443592319947,-0.1187983982745642,1.1249009396363736,0.053126095840741905,0.2409552541608056,-0.07489139341506207
0.7193835142078702,-0.002431828060287318,0.23870218709952182,-0.1425908890368631,1.1332833262508757,0.03561294196669105,0.24172998831896794,-0.09790833763428296
0.7283494230778009,-0.01798414179142097,0.24027049465012226,-0.16369798625132567,1.1376106474879804,0.019639978507340318,0.2412349443837727,-0.11883363268002062
0.7348929190906833,-0.029531258952949797,0.24137443351183008,-0.1820393315683897,1.1432654451236024,0.008282951348530698,0.24203036770613792,-0.13686728338858528
0.7410445653628583,-0.03697469960487563,0.24297088575339484,-0.19879404171610246,1.1472051803437304,-0.00034356527760079483,0.2425275373912901,-0.15310253621153963
0.7452125964459776,-0.0437958855889607,0.24374188826291174,-0.21471343638732612,1.150703276049466,-0.0074790982979996996,0.24307093718100722,-0.16751843854836032
0.7448842825116498,-0.05105589964389041,0.24228474092790725,-0.22839000350045963,1.1584754994350674,-0.014441564108423646,0.2455551617846292,-0.1805947274941373
0.7410520902694885,-0.05784196965409024,0.23920456362332887,-0.23968494630132198,1.168832334592227,-0.018928547813913017,0.24958307335836472,-0.19149422101277688
0.7416048236945787,-0.06025767418077249,0.23905867339043343,-0.2466001654949901,1.1742912356957165,-0.021394436910736107,0.25169676406820135,-0.20009254799884243
0.7489004966170936,-0.05681801054423076,0.24327634823255453,-0.24882113015753568,1.1740851890688087,-0.021516455313565108,0.2515828457824937,-0.20697239584531987
0.7582450069251718,-0.05220746379669575,0.2487105809407845,-0.25071746085004226,1.1719395399242272,-0.019080579125669107,0.25098261893076623,-0.21252071888726198
0.7738859844041338,-0.049283621640513545,0.25687811031587393,-0.25252658110425213,1.1651437806044618,-0.019254100499373643,0.24785497854719343,-0.21738232464340915
0.7915249808333703,-0.048586615554226505,0.265537199916208,-0.2542776912864223,1.1575213037726297,-0.020569661123914347,0.24418190269508333,-0.2207995068408893
0.7987957940209794,-0.04869607841641879,0.26901173871390577,-0.25644272340382884,1.1586448649794214,-0.019118586555502654,0.2448959972291391,-0.2220491750608872
0.8041419470374367,-0.04416839819567,0.2726968073258449,-0.25745725454043955,1.1596329714818931,-0.014671459216455057,0.24596808468220874,-0.22087637139781513
0.8196275963178778,-0.03177514226907609,0.2831344083274786,-0.25554817916345957,1.146819836759674,-0.008723705607558117,0.2410645233097258,-0.21791781426026463
0.8292512648981508,-0.01917642380207745,0.2909321205855434,-0.2524334156802795,1.1387605012647282,0.0017776044854095005,0.23888209030287536,-0.21274788431392788
0.8284389118068045,-0.01303718657497375,0.2922978765619228,-0.24814390606945488,1.1446195218234405,0.013792488504953642,0.24290978128976734,-0.20626325578117086
0.8368527326054139,-0.007891130309098708,0.29741705988969386,-0.2390167794615741,1.142214437768795,0.018897776045836357,0.24261141236545117,-0.201217589143175
0.8501233723633599,0.0018490939987745652,0.3059364243757886,-0.22779105345916664,1.132057634938431,0.02265905359919847,0.2389422290616867,-0.19687675074882852
0.8576500907733373,0.012520034674140841,0.31231024680171693,-0.21690600877124966,1.1212201894459923,0.030828087912505346,0.23557709961921255,-0.19050425485579872
0.8599286353168888,0.01841181383687744,0.3150637968580131,-0.20604525939053395,1.1107164630733708,0.037732835604872686,0.23222227008615848,-0.18339213366866677
0.856090714326036,0.02832792050531115,0.3165910948327999,-0.19508635823983336,1.1025139491752958,0.04532458177069452,0.22987047186000326,-0.17491311625862355
0.8490754159952386,0.037722844236964564,0.316701129887671,-0.1846360943518542,1.097511042617624,0.05407250940633126,0.22889895641698738,-0.1648703040586901
0.8430312112408426,0.044955898471821854,0.3165326574544545,-0.1732726281188814,1.089073772172287,0.06532794210541079,0.22693558988181023,-0.15266991744865813
0.8370946586622849,0.05653034406202104,0.3176509040358169,-0.1594095576429967,1.0738666276019395,0.07663097288552502,0.22255296646879538,-0.1398638437404346
0.8285470908497482,0.07183713360520755,0.3188413633894902,-0.14400280471278168,1.0610567445855743,0.08664775662429623,0.21895314131719035,-0.12701761377863705
0.8158058538238457,0.08530230671955365,0.31802375810238603,-0.12838490906622455,1.0531000424748593,0.09830922374348178,0.21721927295951662,-0.112214998059618
0.7984580848833694,0.09682639838730592,0.31510720081696303,-0.11230606310270992,1.0435947042268539,0.1107700489956269,0.21508230828278646,-0.09567771514100688
0.7804795068381463,0.11213271242266555,0.3128739355278929,-0.09316334325384538,1.0322544728678547,0.12331971495055996,0.21241000288552023,-0.07845329829861658
0.765597875636633,0.13026807247939037,0.31222440619112984,-0.07118236638306434,1.021413212695618,0.13802738284426402,0.2101190088167608,-0.0601474380059576
0.7469946384306823,0.1473772032635483,0.3101663763404375,-0.048094583339991115,1.014438380112616,0.15382356017123217,0.20916518115107424,-0.03981037163776082
0.7229095467990674,0.16678781254023606,0.3068919158073188,-0.02271449296703419,1.0098794957180242,0.17002241089098005,0.2090357384545879,-0.01642778340660155
0.6948793730011246,0.1889739789541363,0.3029199017289814,0.0043114138555923175,1.006218484676885,0.1904601666368179,0.20956836446130037,0.010149662005724001
0.6652550570183811,0.2094737771287498,0.29817805006151965,0.031815152269355856,1.0008450557292217,0.21343033723501714,0.20997323855610595,0.03942439391399066
0.6417651776444064,0.22832633328209603,0.29469485590841255,0.06166656424992163,0.9876448984284844,0.2345705560641622,0.20838975077381383,0.0704468273225737
0.617676041906013,0.2497095965917012,0.2912755515892521,0.09563155180127483,0.9762881968576592,0.2587564238853435,0.2076316989058752,0.10454160333394705
0.5893252327108145,0.27557255395609154,0.28719808197559366,0.13440479570293962,0.967882208911622,0.287469109849576,0.2080816583240705,0.14260387767544702
0.561927235285436,0.30618173811668886,0.2835312048784378,0.17822172624410634,0.9577900184894097,0.319715591023139,0.20869536416372111,0.18479310704119836
0.5355602999559389,0.34017651708337576,0.28006668612763025,0.22655566808272548,0.9479068130019164,0.35521121177467424,0.20990490336502574,0.2316038809174237
0.5123114416279223,0.3757798709049497,0.2770169225407891,0.27958687746896727,0.929358049665862,0.3917361943037097,0.2099722191530959,0.2825913186399232
0.4908044204543926,0.414389521015376,0.27408064818193995,0.3380652844878501,0.9030214745751851,0.4305826091123975,0.20930283381929035,0.3379882520934566
0.4708596952738402,0.4567022897132452,0.2711238287640211,0.40283930251771494,0.8775747611963468,0.47070389333664353,0.2092094566330838,0.3977422664830103
0.4586984344507934,0.5024488435747723,0.26885240703110874,0.4741030401528657,0.8507604584676365,0.5128934190152779,0.2094581733330663,0.46198269769262285
0.4541215358932574,0.5520090607247644,0.2670273328957414,0.5508599544802422,0.821117204337856,0.5589372560942268,0.210065741173935,0.5297443609628417
0.4605380167597882,0.6029365639167995,0.265846530056332,0.6308811255576164,0.7908769256315149,0.6040483292053788,0.21096635483781118,0.598462406898874
0.4824716264692596,0.6507720895180329,0.26557835749484743,0.7092229160965403,0.7591691038734768,0.6436610808381822,0.2117576275952904,0.6646535822964383
0.5059585678129552,0.6936678117107953,0.26528330883800444,0.7789069410044245,0.7293778042314876,0.6761459928289654,0.21247423112090622,0.7213597610116219
0.5167185843395504,0.7318824354212731,0.2644721927662404,0.8336732172347118,0.7071455946808146,0.7021711867946507,0.21329520304847732,0.762469522083947
0.5200239810155078,0.761519572366383,0.26362136241467976,0.8658967043870479,0.6926033138399952,0.723100098096048,0.21416491609716698,0.7877982653548365
0.5274610057125013,0.7792056028719854,0.2630818334424864,0.8705059582532757,0.6835322199393254,0.7405170582644394,0.2150203850824086,0.8001212822272397
0.5301721585004509,0.7896464729649353,0.2627461132689939,0.8571550315080559,0.67152792115304,0.7545731852045814,0.21569900197687455,0.8015962879472573
0.5319293519240209,0.7983897043177584,0.2624600161933973,0.8396179710272814,0.6565348566614636,0.7652023696801128,0.21620624891525259,0.7968101756376146
0.5370279829390022,0.806173848674991,0.26215720238581125,0.8224291937543845,0.644711513712148,0.7728910597674352,0.2165921198491701,0.786998923121544
0.5439515491690261,0.8138703338893382,0.2618243045945582,0.8083961153931772,0.6316015852902249,0.777775397873739,0.21685878107410883,0.7704240886173064
0.5565288186086722,0.8228759181727211,0.2613516916606379,0.7986810297518199,0.6146157772558711,0.7792020283389649,0.21700028299119262,0.7478636037335571
0.5801656504662844,0.8336306156272222,0.26060375047103335,0.7919236961117897,0.599671021617498,0.7783475920553345,0.21705077450842988,0.7241579921520648
0.6050746282545724,0.840939503230909,0.2598485648823122,0.786250255402008,0.5955403224408216,0.779310444265979,0.21710315029519534,0.7041775262487266
0.6227698608480619,0.8469633598765238,0.2592967214512349,0.7811851360160846,0.6013841086120358,0.7829556097004253,0.21718978213691198,0.6899325655438923
0.6311915840694173,0.8528818272488865,0.2590306307702013,0.7769684869189877,0.6181061599685485,0.7884260952070239,0.21727969677104397,0.6817977555012634
0.6413127197274738,0.8580742790409985,0.2587005839459582,0.7734393090357464,0.6343779169074559,0.7958158998235316,0.2174657187168629,0.6796786274604425
0.6528586230328779,0.8627050340747296,0.2583118635076826,0.7711580596167353,0.6486186219000515,0.8046564245927773,0.21775849829597255,0.6822593837438382
0.6576616174012836,0.8680816514658947,0.258184162001598,0.773030447365884,0.6646128939691995,0.8130936174976335,0.2180176996342823,0.6865830256964522
0.666164929710157,0.8733766772887056,0.2579050739476788,0.7783377842629512,0.6749772640587112,0.8193112165510302,0.21823732837457663,0.691882409546066
0.681374978354348,0.8765418176365819,0.25730486548079334,0.7815372642743824,0.6798307978766243,0.8250769485593991,0.21853924606160205,0.6995682110448757
0.6895186741831542,0.8786755315220801,0.25698953461061536,0.7823438081476745,0.6875928498667964,0.8318124230866919,0.21885429578785487,0.7085794087562397
0.6886539738879437,0.8785227098274203,0.25702515677748566,0.7817313256729154,0.6992119468658712,0.8365650442827062,0.21892924743504016,0.7183187222313738
0.6902804173894138,0.873750826263272,0.25684274985738065,0.7773012799460394,0.7054613254101321,0.8405304147016877,0.2190848789150717,0.7295272379426501
0.6909964938380185,0.868006368086471,0.25667535977741973,0.7716910676156756,0.7070204989836553,0.8448809596083673,0.21940675419087466,0.7392750706599605
0.6877716896978756,0.864107487682572,0.256714818914894,0.7688666904354918,0.7103547508474609,0.8459858531733446,0.21940025605783872,0.7445181725127002
0.6923266777177282,0.8589086718340382,0.2564081804225031,0.7664205126075461,0.7103967191839343,0.844427081999175,0.21926380311076893,0.7473993081762694
0.6981561573128702,0.8523038046514795,0.25601214239042086,0.7628564662468298,0.7103179660150009,0.84291404743645,0.21913536288823685,0.7486019877898346
0.6943254854788089,0.8477550062098688,0.2560188459892785,0.7605462193269601,0.7172767043524728,0.8418915041133954,0.2188396482446345,0.7466406393728845
0.687295918448766,0.8438387446629454,0.2561489188904632,0.7587656030411919,0.7220149838770523,0.8403255257035986,0.21856085428105068,0.7437864736426804
0.6848257309209997,0.8394406005145874,0.25611805105512947,0.7576668407928405,0.720400963256513,0.8363300952712115,0.21824721191649343,0.739179026053805
0.6845197551924126,0.8362466556019429,0.25604858390784246,0.7584155859580808,0.719527734516235,0.8299706313555673,0.2177052784998132,0.7302873879165407
0.6911674012387758,0.8321721252251217,0.2557520201928804,0.7593478009432684,0.7162600396594765,0.8211131487732953,0.21701379688018407,0.7197224996625162
0.6985703062040405,0.825447315743268,0.25535533074595607,0.759230984828755,0.712656045035118,0.8108483617009896,0.21622364858257861,0.7096188698070481
0.6919706872909684,0.8189880320278424,0.25532307883028565,0.758520110915819,0.7174520053229777,0.8018931586212208,0.21539800465239306,0.6994030707137379
0.6842453544349704,0.812348422302211,0.25530786256802707,0.7552589227128385,0.722945496014185,0.7947714345496004,0.2147277192315378,0.6915790696344625
0.685146472117618,0.8029136319277195,0.25503474498097983,0.7480910408359309,0.720960572933208,0.790019864020103,0.214354690750241,0.6883508856671289
0.6764220427409042,0.7932838737045875,0.2549169643020654,0.7404127862464791,0.7234667212762074,0.7865220079678017,0.214043644930954,0.6867511679499944
0.6582265244909903,0.7847908443861373,0.25494619102707616,0.7341030528114896,0.7336125222911375,0.7817851203918403,0.21356586211359288,0.6851865609033179
0.6522780350911007,0.7763492705677438,0.25484320423703555,0.7285617143384034,0.7347527613474791,0.7770172987034941,0.2131507407599204,0.6847545589642311
0.6521152328472978,0.768688280969548,0.25470756422043966,0.7240467808847577,0.7296610085584652,0.7728977627767346,0.21282480582517713,0.6850135944052627
0.6438930245650172,0.7624492682263468,0.2546214843732928,0.7216736897686126,0.7315016144127713,0.7678388491412558,0.2124013932116221,0.6847249417966151
0.6297746379046751,0.7575738224281029,0.2545559981295726,0.7214845177494057,0.7400102733572359,0.7626177826025021,0.2119587089912662,0.6843965274429559
0.6170514308867998,0.7525635565409147,0.2544878491217315,0.7217872978454203,0.7451558101218891,0.7578479868646787,0.21155781298727996,0.6851216974456719
0.6161033943748725,0.7457975085485351,0.2544419676620395,0.7207243388530015,0.7379745517249033,0.752816054522258,0.21110824448888854,0.6871632555696364
0.6185195983312238,0.7386888513850878,0.25440763896496266,0.7195191276428939,0.7276010895797146,0.7471484167016323,0.21059839610122796,0.6887097609773305
0.6138720763908331,0.7316910005429396,0.25431309512463895,0.7194897131232586,0.7235696814725344,0.7404985303603817,0.2100596352783911,0.6890401734826475
0.6137512580516479,0.723194998924984,0.2542523378842128,0.7180776532172598,0.715458132054217,0.7342350342103834,0.209521351859088,0.691145760432483
0.6151395937233726,0.7152753937237623,0.25421055817465626,0.7160228971457753,0.7051165316730809,0.7293048365586509,0.20905654117942837,0.6952552739613054
0.6055440844221561,0.7084233448673141,0.2539850458377212,0.7160134653040985,0.7012389936766472,0.724266089169019,0.20867520523161248,0.6997567484196008
0.5961358996133975,0.702295434062096,0.2537615051196304,0.7177254941090441,0.6950970239910085,0.7191411102030025,0.20825877480361454,0.7048608759466362
0.59230666709534,0.6973940562636346,0.2536614536970872,0.7204435549927206,0.6852733368097151,0.7148545142943833,0.2078328486480036,0.710761693881484
0.590166553161031,0.6929136604342527,0.25360116353219814,0.7246526732657268,0.6730931017371312,0.7104530667988054,0.20736015209123196,0.7165911734386935
0.5849601587020682,0.6896260937715636,0.2534585706330168,0.7302439846043558,0.6608903740033937,0.7060326455387012,0.20689030675615466,0.7216647351731752
0.577038823407831,0.6875780249497699,0.253236713557585,0.7375216016352312,0.6516105350089755,0.7016169042610045,0.20648962981042346,0.7257418173614508
0.5755482800119078,0.686598667843959,0.2531965193119709,0.7474096877636671,0.6398101907056308,0.6963762859350557,0.2060019685659923,0.7289911383675479
0.5784654211595975,0.6855332225743881,0.25328676743289236,0.7581343260351122,0.6270291840187354,0.6922017036846151,0.2055288569878801,0.7326708915132936
0.581813705083545,0.6843897144589097,0.25338993605562254,0.7685936900077047,0.6133530461808139,0.6891010756291047,0.20506310235666583,0.7371269309558034
0.5835514236076407,0.6836785034878202,0.25344367812230906,0.77744892627722,0.6001708850410901,0.6858010136766192,0.2046101882205555,0.7423283354834047
0.5814619712843296,0.681716974192632,0.2533809599146102,0.7821468346325828,0.593210412015713,0.6830696204670406,0.2043550447000183,0.7478938117903183
0.5789602627789078,0.6776252525389983,0.2533083796447608,0.7823750629277397,0.5884600547517189,0.6807290038598712,0.20417513912767046,0.7524369076965952
0.579985774299918,0.6718910425828852,0.25335116322930534,0.7801343053470436,0.5818015773646875,0.6764448469993992,0.2039155619968264,0.7531500470713962
0.5831241871008678,0.6656476614696001,0.2534636876035914,0.7760746099689569,0.5761897598941249,0.669106490996435,0.2036731793866338,0.7470846560507953
0.5892945304834384,0.6590193698894417,0.2536830423221796,0.7682444959761865,0.571071746265062,0.6590197237242746,0.2034490430912996,0.7338584576717054
0.6011608486332553,0.6502833822930949,0.25410818584739325,0.7546351515242533,0.5654944370875469,0.6455153823646551,0.20322810585795206,0.7151967519707711
0.6147356057449219,0.637209067889384,0.2545455475254418,0.7340111964956008,0.5608312116436259,0.6293065817054222,0.20309532601388564,0.6925843443719927
0.6261810576424299,0.6197022661585413,0.25478684614021274,0.7064577117654102,0.5622871123055831,0.6124228532087369,0.20332043166177408,0.6664823234164834
0.6365488314537936,0.6001390278589173,0.25489252196875234,0.6745197247294795,0.5726586826156306,0.5957469057357211,0.20409621146029178,0.6378989382851281
0.6521633376880154,0.5796606188203884,0.25524697132262036,0.6409705792974245,0.5851053961598739,0.5772769543889955,0.20507014415538355,0.607489297310139
0.6713875045811256,0.5571937721269237,0.25572571144405226,0.6053926557762981,0.59841959473705,0.5558357264262763,0.20618952625796091,0.5731893165024845
0.6909084793053545,0.5331938093699867,0.25610022568757296,0.5652175723182927,0.6099091570111481,0.5333086921544017,0.20725941726563724,0.5326149779254101
0.7166875092827749,0.5117558270910849,0.25711655368375136,0.518980250527431,0.6128025704663714,0.5136949263279055,0.20765396028561206,0.4875173789825275
0.7415332476267016,0.4944055752756994,0.25830168624994043,0.46816140516236443,0.61343101015665,0.49872630855760053,0.20785803352860963,0.4423866038890578
0.7572018333225875,0.47825981181401067,0.25860568631117564,0.418003527503375,0.621896271856534,0.48567992817368866,0.2088938045759331,0.40182103718392165
0.7702728828071338,0.46489248931320265,0.2588542008677682,0.37463828267159527,0.634472384310964,0.47640222167226387,0.2103786023903018,0.3709043304664754
0.7890130258696402,0.45533887953032304,0.2601348769983731,0.3417310665881022,0.6373600586814414,0.4703834671771277,0.21075237111590112,0.3495764088832325
0.8063333877789741,0.44600980068953217,0.2612570910860844,0.31745983537895084,0.6345922233391625,0.4609922298977585,0.21049378793849124,0.3298426295856737
0.8194472967027382,0.4328686636704587,0.2613906344340408,0.28807776799003476,0.6365200772291538,0.4457677336898101,0.21087519819857037,0.30358851782686613
0.8403417457891572,0.4156122667043462,0.26201267615683854,0.25131071381718667,0.640518315692655,0.41877447676538215,0.21169431382210885,0.26201643404933156
0.8808689005560201,0.3771138814246075,0.2623292970835801,0.19689923179158852,0.6659258264305257,0.37791470548851186,0.215746343068061,0.2068467510495823
0.9683442484015322,0.3343951723601183,0.26904495610912493,0.1406396547067987,0.6973201889316943,0.32818590835496503,0.2211077251732542,0.1468484976874057
1.0580308664808709,0.29543518351232273,0.27685578730102484,0.08665269392877326,0.7030887220838492,0.28076771368057724,0.2223483152482083,0.09149765924200846
1.1145064732326744,0.2631530184410776,0.27981211089286406,0.043219505789425405,0.7044542022004401,0.2504086915209054,0.22294117463008423,0.052277317663434374
1.1515501139275455,0.23079309602115763,0.27850040571357093,0.005166401808738464,0.7114454147164926,0.23157243666555444,0.2248149036110143,0.025465167514484417
1.179302025373568,0.20522992662868172,0.277140496690924,-0.025775073492450017,0.7174806160897678,0.21571015922080386,0.2264877887793059,0.005541629609252739
1.20496830430438,0.18522079286526305,0.2771138925515997,-0.0512716765135976,0.7285831577061054,0.20012701685985906,0.22946784390823607,-0.011960161599256832
1.2204819328112426,0.16733129366192656,0.275118459693754,-0.07386227218147816,0.7479374696604466,0.18780498981273647,0.2346073115626148,-0.026956048462101895
1.2295700717148608,0.1538780264413387,0.27291945512746446,-0.0933533125259174,0.7680949192551226,0.1788986121930176,0.2400021946215622,-0.03955635224781864
1.2420717909234213,0.14142242339155017,0.27208656866952813,-0.11008531680484437,0.7860643262732485,0.16891755467213138,0.24480370804787946,-0.05158642422775587
1.251789111243003,0.1280400641375418,0.2700870395827105,-0.1258107016558174,0.8020895928680138,0.15714986954843496,0.24904033542491916,-0.06481111426342916
1.251049220698286,0.11914436004386601,0.266542625010185,-0.13890818046753406,0.8108150995981112,0.14445962097890594,0.251163468164392,-0.07979610971121488
1.2461270541389033,0.11390859428475658,0.2630418351441344,-0.14745349561084953,0.8106202941557725,0.1298761436268369,0.2505837970193844,-0.09490821494493412
1.2433857992938224,0.11163707530431824,0.26133148904199266,-0.15191214123975738,0.8023803388665999,0.11558054924892082,0.24756177249317848,-0.10901223887042163
1.2347078594198162,0.10955145192792569,0.25777018756709125,-0.15571684080013198,0.7956145225320784,0.10501685010606347,0.2451430217074174,-0.12028199984967519
1.2237446285801665,0.10275591917091925,0.2517901107202595,-0.16037144844850793,0.7955162438082516,0.09729909816801152,0.24498905408012886,-0.1276411710113812
1.2206811475662978,0.09424131002220143,0.24783002675454716,-0.16477562707868965,0.7943987947229344,0.09076133814988227,0.24452212741220714,-0.1325723447066144
1.2212832015354884,0.08559585498786974,0.2450728560997142,-0.16918774038549583,0.7921074949072056,0.08637335329626378,0.24368935621267218,-0.13500087266295324
1.2198750438779409,0.07768983124666595,0.24188846678819212,-0.17322859809540334,0.7930191519485277,0.08220955693071678,0.24396652446390088,-0.1365145943805955
1.2149910906970758,0.07436752515464236,0.2390505941551257,-0.17576875558826502,0.798509613417077,0.07823444252173298,0.24584324930442447,-0.13777307098413236
1.2135400388225057,0.07072477940632269,0.23732415826139208,-0.17808198170002223,0.803475977761682,0.07648610252367136,0.2475672994605577,-0.13717047029565438
1.2180624246621092,0.06271298866258812,0.23628248630262924,-0.18053066679247184,0.8076404340658567,0.07688076882202927,0.24904425454538862,-0.13459500154460236
1.216587079916815,0.05623058621857996,0.23357812377976492,-0.18080796213458344,0.8148775634866045,0.07940258447664553,0.25164788930561144,-0.12981209166552773
1.2162917621155707,0.05534723612091659,0.2331771076318273,-0.17651840246041092,0.8146993051248163,0.08038312680712215,0.2516117901637687,-0.12431314653443717
1.2190653372929154,0.05774527174604083,0.2349947822476588,-0.16927487030684094,0.8108194688593132,0.08082029495201601,0.25026585436939497,-0.1181277075277135
1.2104330302010653,0.06128361344560975,0.23298647425614086,-0.16189738576076806,0.8189907262844073,0.08588740845392111,0.25324030737649433,-0.10912820461248249
1.1967921191894038,0.06748417523020621,0.2300141802520741,-0.15300077291930053,0.8307462183542673,0.09338752965864487,0.25753441515087283,-0.0983654772631984
1.1889374892845301,0.07712693712783787,0.2301990277592931,-0.14090372389738542,0.8349643504548588,0.09977591742149738,0.2592395041051065,-0.0880559033054788
1.1833252742489824,0.08738765117584048,0.23137474535198027,-0.12719745400204063,0.837127904760952,0.10610791581857869,0.2602642762455775,-0.07820915388553655
1.1729232709825737,0.09380736293196605,0.22976797413654756,-0.11529855617603836,0.8414128347008599,0.11326128689002352,0.2620364825994381,-0.06773815086997954
1.1636211730058867,0.09850733507060577,0.22802968851096908,-0.10344798904361377,0.8439788849132275,0.11876855327169895,0.26317227608755545,-0.05725959909544469
1.1593396017369608,0.10570443881337356,0.22868616519060878,-0.08891215966716517,0.8453263908659248,0.12346225738423496,0.2638776048234674,-0.04637105315757364
1.1530676813283125,0.11388520986566175,0.22898005319163403,-0.07334288388421754,0.8487810845891837,0.13059505308859606,0.2653994142489642,-0.03406196523689897
1.1464101886556148,0.12277468049077699,0.22935883237822235,-0.05687258038815238,0.8517407018401663,0.1388463921451649,0.26684929211591163,-0.020973855950462923
1.1369045107585296,0.13067291538735906,0.22857989881782736,-0.041209726939912865,0.8570166407920327,0.14693611972394507,0.2690059022462944,-0.006699396368996222
1.1230727933688998,0.1372180325466474,0.22611140996830445,-0.026961949347786767,0.865398560130476,0.15683882683502273,0.2722350437561186,0.009209862063718467
1.1151397588037968,0.1457625629658775,0.22595565749781898,-0.011388146043954375,0.8679141792192142,0.16749056172430313,0.27383315905437666,0.025930581491652522
1.109032147956623,0.15546147229645507,0.2266447115958204,0.004561272600640543,0.8665224032045312,0.17830182220112561,0.2743540009310415,0.04323635652100564
1.0939812992460927,0.1646835963180951,0.22463514320900738,0.020276686522078795,0.8695723712273838,0.19048628222272407,0.276241554995537,0.06158142032112528
1.0764351300039274,0.17282602779715764,0.22166583856567182,0.0368573930293448,0.8748930061162232,0.20261441424282267,0.2787596892074715,0.08063185015970217
1.0617489694177868,0.18186258561095592,0.21970211833223993,0.055518024161778805,0.876929344688103,0.2146793846002723,0.28043841706762596,0.10010692780552789
1.047544898191677,0.19528685462419468,0.21884880521353725,0.07779994640554438,0.8713389821364088,0.22680297612429753,0.2802116839524152,0.11913181431813226
1.0330621280004737,0.2105422526050333,0.21832554935758666,0.10136542711913861,0.8600604468138027,0.23844242276754052,0.27856168178557855,0.13722140064452698
1.0142148369827668,0.22459518577776427,0.2164688662023271,0.12408121946496664,0.8515525851670772,0.2502076910230726,0.27760541829643093,0.15551326988281436
0.9920181987779211,0.2390016617364699,0.2138742096103475,0.14642934252983456,0.8465122350718646,0.26215548044139264,0.27748895427813514,0.174625721238867
0.9735068702741526,0.25323965907269624,0.21212692762757718,0.16866952624511541,0.8408692839750658,0.2741739503454343,0.2772630804013216,0.19459502541418594
0.9554200632128705,0.2664178892290331,0.21030418135844736,0.19086889837860468,0.8335317151333885,0.2872651877887663,0.27677772726865585,0.21528176600065624
0.9377195617606473,0.2805848643557119,0.20873181264461746,0.213894680368705,0.8227296696742192,0.30028512741483077,0.2755794514982697,0.23634574846556652
0.9241360315248881,0.2957057282065002,0.2081827700379039,0.23828813819362626,0.8081068761921882,0.3117439595261537,0.27350651200883913,0.2571856907217543
0.908789496657843,0.31114334500016594,0.20732761880543346,0.26296274392594354,0.79339605213573,0.3241467591877366,0.27150059042751595,0.277666691495184
0.8951201319267451,0.3265282595641907,0.20679919204753977,0.2871524297704652,0.7800837180556487,0.3374042014911321,0.2698365715917968,0.2975339805743484
0.8857957787136116,0.3401919236349,0.20686561146246707,0.3104004866268294,0.7680277856928138,0.3499563720847442,0.26838449718274815,0.31710194170336164
0.8757744321616526,0.3534316234608902,0.20675630142344437,0.3332288349864184,0.7561527612662164,0.3622152567958174,0.2669684356535658,0.3366510215962635
0.8672295779812915,0.3674181646901225,0.20699699820186793,0.3562226006281512,0.7467384537585691,0.37437030878886995,0.26598690689758225,0.35636165853271207
0.8624731889614942,0.38096906092827404,0.20782115618460292,0.3791735072210516,0.7376086401428495,0.3870277708822651,0.2650939429161785,0.37702494801294034
0.8538019457183589,0.3935748332786068,0.20791008813289505,0.4012963897641276,0.7275202880480097,0.4006331958416805,0.2641094319919736,0.39899151069840266
0.8369546555776013,0.406026835384172,0.2067217404704021,0.42188122505256564,0.7226014318929882,0.41501452941416433,0.2639680789946112,0.42181751823790886
0.822445716466656,0.41876944252666426,0.20590954021720653,0.4415186670060624,0.7193495335569016,0.4291114066747696,0.2640822240377372,0.4446052818686923
0.8151543291187345,0.4315868160928995,0.2061332751292575,0.4608197419487139,0.7144659042715558,0.44165007520654087,0.2639273409383702,0.46640864084041617
0.8058614042943102,0.44506467890965523,0.20614457931773278,0.47977221899130484,0.7106288050436745,0.45436260177248516,0.2639369008536991,0.4868481355513739
0.7960624561016889,0.4581685094174907,0.20605535942628603,0.4984830310205749,0.703157805093051,0.46772827085337004,0.2635252900574277,0.5064476858848824
0.7875920155015965,0.4694596723830851,0.20597686238202037,0.5170574645889011,0.6947769207701194,0.4798712283274587,0.2629765266572467,0.5250775771542215
0.7762753826611907,0.4794133314182648,0.2054481677782464,0.5352812308975939,0.6928323390614058,0.49162461628433357,0.26318003396795336,0.5431281228018283
0.7710606823623656,0.48983433375023927,0.205657402295184,0.5523757748213323,0.6867068541760654,0.5031567083064384,0.26292473166558783,0.5613594897103206
0.7659314731573383,0.5009357536927264,0.20592560759728804,0.5676658719114908,0.6787780514900658,0.5148978324863182,0.2624990274110048,0.5791886028266625
0.7512127513145858,0.5118316439029569,0.20515891755374313,0.5822202524199606,0.6804542034310925,0.5267080842823341,0.2630646707507647,0.5953352406580765
0.744402652805653,0.5222910601657125,0.20516522211679225,0.5972301158736197,0.6795841883899166,0.536185217257591,0.2633171593731058,0.6099952100578645
0.7484501850969383,0.533039813730862,0.20624413159317304,0.6120991758452758,0.6725382064043501,0.5448883854081011,0.26298314474337925,0.6235282563229695
0.7470706778838544,0.5447811415310796,0.2068823810760423,0.6256044115520903,0.6683187642241373,0.5539052190505313,0.26291735417953704,0.6353714526588402
0.7449428877812025,0.5548952494131739,0.2073483981185934,0.637787533527662,0.6641381365117272,0.5612062482996117,0.26280760446207907,0.6465605750911287
0.744966162415824,0.5620980659771772,0.20780788084420004,0.6486892185199387,0.6636489130398613,0.5677910315508449,0.2629806438884866,0.6580117711047726
0.7436736144416248,0.5680810062492057,0.2080839998868563,0.6582195092984247,0.6682844760362242,0.5746881310720802,0.26357105431621564,0.6684984060841044
0.7453866892881841,0.5751301295925636,0.20865948495106562,0.6678338871208993,0.6716431087217023,0.5813305586944593,0.26406047994824017,0.6765092121944193
0.7479646964683984,0.5830789727751787,0.20935599011466782,0.6786811191521593,0.67398712229843,0.5861217912248452,0.2644102781438763,0.6816745099338122
0.7514742280929924,0.5909117047860386,0.21011042909648686,0.6908737262575068,0.6724401558901665,0.5883087284073905,0.26438646557073286,0.6843886828758358
0.7550790896666585,0.598668640451699,0.21086497555611014,0.7026880866286694,0.6694419024811651,0.5902483699172277,0.2642529895108256,0.6861722784532585
0.7576323233244392,0.6049415863907871,0.21144969330022295,0.7118980387250096,0.6684926317691138,0.5928626881987887,0.26428563786876175,0.6889036361741929
0.7607430361390433,0.6090646347103322,0.21192179969065184,0.7184623522839465,0.6691704333269246,0.5958674708464343,0.2644436939033935,0.6930425326260348
0.7620985072567477,0.6126960283881775,0.21225332765690713,0.722794051164051,0.672461671295018,0.599863698720729,0.26481469415864534,0.6983879440066196
0.7616002155431819,0.6165322792828012,0.21248938425302707,0.7246762657139078,0.676094542143752,0.604539829714498,0.26523695234324696,0.704756840237528
0.7620658072422003,0.6186804808311359,0.2126640117388581,0.725861782930103,0.6793871119178174,0.6086684251831822,0.26561680041940366,0.7103649321096194
0.765848866711326,0.6194231888479652,0.2129272013217439,0.7276045708097332,0.6777694914007153,0.6110853971014218,0.2656221027273021,0.7141279450344595
0.7718168440325943,0.621291042103955,0.21339260663445833,0.729216423177501,0.6695919049878137,0.6128497368190701,0.2652049918562954,0.717064864626065
0.7726760881055114,0.6239520001908735,0.21363390823258,0.7311474815438962,0.665649792406859,0.6151855572200029,0.265062847712417,0.7190957832858177
0.769413917839866,0.626409420658603,0.21363677380777213,0.7349007970969299,0.6673980583393794,0.6165753137869846,0.2652184984297608,0.7197558606018486
0.7677615014243712,0.6300516057358019,0.2138096901451866,0.7402088551420545,0.6687432025636185,0.6170156245813362,0.2653134889422309,0.7196205215405962
0.7659286037068518,0.6354199099129146,0.21409466424882173,0.7464392629714861,0.6698018270835495,0.617927048336968,0.26541086094298255,0.7189396470145499
0.7660669174158806,0.6401888416775956,0.21443577894596863,0.7533475724941692,0.6690930691287166,0.6181567497225846,0.26537958641125325,0.7184669316019086
0.7665076171290373,0.6438032494807693,0.21470991824775865,0.759143335068321,0.669643355783899,0.6179946045624957,0.2654044712007262,0.7190034240645539
0.7627659916894405,0.6470202655786659,0.2147613222520596,0.7639916230415995,0.6758498646983508,0.619101253524558,0.26580492464156136,0.7200362282441205
0.7606358603427145,0.6490838425307608,0.21480674729124025,0.7676672197705879,0.6823884671358387,0.6211153563606274,0.2662645762579111,0.7224990152279789
0.7630834550297908,0.6507323145137766,0.21502623003868668,0.7701315291730738,0.6838284198855562,0.6238218354726297,0.2664694017532483,0.7268474100633717
0.7665079821931439,0.652393754156015,0.21528897447622006,0.7731262649626863,0.6826317997148389,0.6272435504024462,0.26656197438026236,0.731811656408345
0.7705117565952976,0.654531428574532,0.21560996483251682,0.7754310411326811,0.6806684110430117,0.6315221493781764,0.26665351546767313,0.7376076837548704
0.7706930512227096,0.6569058633580939,0.21578686562039345,0.7766000102974884,0.6810288209822701,0.6364793322959565,0.26690031390662045,0.7443887626885073
0.7661090666081016,0.6590008039794548,0.21574776772034987,0.7793609783078222,0.6845679912074639,0.6412539140485257,0.26730227541343715,0.7501777535675942
0.7668119852757945,0.6610110949402702,0.21591563896025265,0.7831260575216972,0.6838347317311576,0.646119738725779,0.2675019878830818,0.7558498250291663
0.7718644021087508,0.6631295111341408,0.21626280392357478,0.7864622773349342,0.6799445182856882,0.6502476502244595,0.2675203148825573,0.7623430799068218
0.7708232225092796,0.6667765511517801,0.21648308514452397,0.7909103536997887,0.6818029841156891,0.6542387973055319,0.2677936341928348,0.7687491115091565
0.7653045393848775,0.6710564647625938,0.2165791186314708,0.7966137626335663,0.6877762561517461,0.659570885848153,0.2683145255810646,0.7745853699113698
0.7575936880883053,0.6750856915337209,0.21657863399395,0.8027611317826765,0.6911069447760548,0.664449492841265,0.26870414028317346,0.7791292886684527
0.754370212830098,0.6789382596148268,0.21672029499707848,0.8085787123815056,0.6882733003600142,0.6672716038550784,0.26874234006062836,0.7818953323533356
0.7594305749713067,0.6818846049702733,0.2170748882663368,0.8126178902693666,0.6858664896852475,0.668822439610329,0.26873178546343196,0.7836763524726734
0.7599740732181856,0.6834192537623126,0.21719320406302758,0.8145175022371388,0.6912755294349768,0.6698509129385224,0.26898684042884613,0.7846944698747743
0.7569916710967617,0.683702447367509,0.21712117569365594,0.8142477731872196,0.6970665750845538,0.6707147868232012,0.2692472339175601,0.7852538400951373
0.7605064629713137,0.6818794020495449,0.21710786582360597,0.8100855049378829,0.6994996209754087,0.672577149869212,0.26944120453323234,0.7878137863686268
0.7677195313904791,0.6774907406313854,0.21703359314041207,0.8029903644503082,0.7017588032937507,0.6746930755968261,0.26964383084675375,0.7917588323793838
0.7701552729276846,0.6727061104954477,0.21677870939962698,0.794885511697091,0.7073425530187989,0.6750578886517449,0.2698605937006009,0.7924848797298515
0.7691074800047276,0.6675716706089107,0.21638130914074657,0.7857317770955566,0.7137311986761673,0.6734518460222605,0.26998407797967067,0.7886900363676858
0.7804835066943817,0.6600243205439855,0.21624966033919338,0.7755508040632892,0.708905709297866,0.6688425794619396,0.26952760108661394,0.7825322598329139
0.8006753977157101,0.6516222619888481,0.21638314376965886,0.7653472294866589,0.6986689778072345,0.660946965596124,0.26868366421244544,0.7737668515658624
0.8135906324803489,0.6446046525115929,0.21633250539494625,0.7563337193994896,0.6972418718670267,0.6525617216158102,0.26816042786427213,0.7628478835830158
0.8238421477122457,0.6390420972382758,0.21629404133902938,0.748745655834044,0.7011161435572921,0.6460948454470753,0.2679723096261666,0.7540901636996931
0.8331036682220733,0.6350416173271606,0.2163558885128435,0.742955025149927,0.7075644541441604,0.6419610458499266,0.2680359705068834,0.7488630851798672
