LeftLeg_Xposition,LeftLeg_Yposition,LeftLeg_Zposition,LeftFoot_Xposition,LeftFoot_Yposition,LeftFoot_Zposition,RightLeg_Xposition,RightLeg_Yposition,RightLeg_Zposition,RightFoot_Xposition,RightFoot_Yposition,RightFoot_Zposition,Head_Xposition,Head_Yposition,Head_Zposition,LeftForeArm_Xposition,LeftForeArm_Yposition,LeftForeArm_Zposition,LeftHand_Xposition,LeftHand_Yposition,LeftHand_Zposition,RightForeArm_Xposition,RightForeArm_Yposition,RightForeArm_Zposition,RightHand_Xposition,RightHand_Yposition,RightHand_Zposition
0.24828959202815803,0.05555153397121064,-0.5869876974411431,0.13022010687090257,0.015540331364360286,-1.0862343428048113,-0.01865402428658247,-0.10219640112236675,-0.608919257376481,-0.5366980804426742,-0.09736441447512481,-0.6128321271029256,0.08815116378124777,0.037412029198662995,0.4807189520982267,-0.14279304302840812,0.24669250966902112,0.007016184306987361,0.08950447932941397,0.20951050186169534,-0.03578731647987499,-0.09201655039515866,-0.2963266987457745,0.023295603236403783,0.09570755763200234,-0.2510059018434091,-0.12223242005116042
0.24373936169479182,0.0533332272395046,-0.5883434294524927,0.09987185744854199,0.013425967692134663,-1.0807843542582976,0.007398194617628251,-0.11052342018246258,-0.6115541843511397,-0.5104486310315686,-0.09792385506545342,-0.6023770994641185,0.09105395733456545,0.037911040919587496,0.4799843768773393,-0.1244412791514069,0.24716707933356882,-0.000614523706178538,0.10911276264952807,0.20604898854646644,-0.03125097986952352,-0.0971115071676234,-0.29216956979607195,0.023878043710674035,0.08499389800721735,-0.25548539757503114,-0.1309270396781106
0.23550721121814977,0.05128849274604384,-0.5912781483526267,0.07102299890518982,0.011483645338920448,-1.0772298235106643,0.0356609860432211,-0.11897814711032696,-0.6128880681012068,-0.481706773542969,-0.09894677276085195,-0.5945128634615756,0.09416082326560948,0.03772546249485473,0.47914316480816677,-0.10427458279425217,0.24798448767193598,-0.008806072208936255,0.12973643109971,0.20225998403420736,-0.02683092785831609,-0.10133488406200764,-0.28734031409112354,0.02482867626774765,0.0758707615507217,-0.2596526537083404,-0.13735724653058878
0.22541045266815884,0.05095987449806208,-0.5932826319197706,0.04229933516429041,0.010874706171940637,-1.0725028427758792,0.06407104760929849,-0.12702207195080906,-0.6142644521629043,-0.45273504438776624,-0.09964171854249902,-0.5903880561813422,0.09884095391189374,0.039328789289439,0.4780258536206976,-0.08475729645310781,0.25016247507394096,-0.01591260151548246,0.14890831564179785,0.19969130170668925,-0.021373614335795654,-0.108846526939393,-0.28091584998361724,0.026154175061087415,0.06431994451292011,-0.2620479663892499,-0.14156611906538097
0.21358288287389282,0.05177549657057895,-0.5947032834558749,0.013932878331760268,0.010897505235705953,-1.0672044771866154,0.09358976605617886,-0.13489339389792374,-0.6147362416398784,-0.42270497614957714,-0.10019943410770422,-0.5893517761564885,0.10257620525631972,0.04193254895033752,0.4769704807004327,-0.06308689141285573,0.25321558051934456,-0.02235763606867791,0.16962584964367644,0.19872140819975234,-0.015150305707454903,-0.1164240017674969,-0.2737217219913821,0.02792036468069381,0.05253547115508539,-0.26310160905157126,-0.14474298012448839
0.1990488654285465,0.052049674305156876,-0.5972963306427375,-0.016072873519150432,0.011380518787397204,-1.062975586985355,0.12307287922599564,-0.14200938240776456,-0.6126441568571369,-0.39293557723138206,-0.1008202661153087,-0.5915010178604738,0.10317432260232806,0.04312875123565857,0.47633421112788743,-0.04175117892547742,0.2563575602040389,-0.02868599025994234,0.18923309524859722,0.19761401892736505,-0.009392423447936782,-0.11888746096075709,-0.26629217014625023,0.030437705566364492,0.04562398542678947,-0.26355152901693923,-0.1467661144323087
0.18334945520261248,0.05128791070067852,-0.6025198912050589,-0.04660431932721143,0.010950385382867429,-1.061085762369654,0.15211936288503058,-0.1471809657102356,-0.6063702132051688,-0.36384232109753434,-0.10170677983931531,-0.5952372960508916,0.1040312187806216,0.04218740965853091,0.47580543868821845,-0.022648501068378346,0.2575145518635216,-0.033179274629270505,0.20595337803756397,0.19387111151257702,-0.0037263690458544385,-0.12197746190322989,-0.26058760225517236,0.03274484467257022,0.03797629192779328,-0.26541124404219296,-0.1485401520693539
0.16627176570091362,0.05068079141844456,-0.6077367411867743,-0.07782342982746049,0.009766386437681546,-1.0588820166261357,0.17994321544273184,-0.15009332125598857,-0.5985686510497896,-0.3359816732612164,-0.10298894834563452,-0.6018837727145062,0.10752117383602999,0.041271358485990214,0.47513011408269334,-0.004498691457228476,0.2576058690031295,-0.0355381033635902,0.22139761291656845,0.18954250545023946,0.003385135066759082,-0.1296507465902541,-0.256423044219986,0.03396709733434711,0.02532452151848541,-0.2681252546789098,-0.15128528584450407
0.1464738423513503,0.05107440877976058,-0.6123587445454864,-0.11036026838629054,0.007907970991184435,-1.0561620915095136,0.2053500494662568,-0.15171843915684885,-0.5904775200998541,-0.3101039466910265,-0.10433589226237684,-0.6121656472294998,0.11126251056492986,0.04083154734351262,0.4745362973352385,0.011289851514336924,0.25798725468352157,-0.03650738174164059,0.2342999625320492,0.18603714977995867,0.011099897806887249,-0.14144809830896476,-0.2525563108128408,0.03537331175468683,0.008526000300257186,-0.2704879643520889,-0.15346245412705528
0.12569057610805734,0.05121695096437169,-0.6163534122788636,-0.14235367833509693,0.005717519751577376,-1.0532408027876172,0.22982014210275303,-0.1520835789825832,-0.581240889984174,-0.28433514154413886,-0.10562254309792525,-0.6247612209298331,0.10701692076787772,0.03777776190166017,0.4753080995716503,0.026323652447750368,0.2588467962393289,-0.039484484437891876,0.24645450632769172,0.1834656501878687,0.015623321432366888,-0.14159952623566596,-0.24747497857948936,0.039569364023918974,0.00417028077395587,-0.270946250104943,-0.15193255164744046
0.10191620593877393,0.05153511916654174,-0.6200329180226328,-0.17622341461059432,0.0044838677900696025,-1.050396768491958,0.25062131535762555,-0.15135432733179216,-0.5722195101526325,-0.2607119765914194,-0.10681975162990594,-0.6426697683119649,0.10843567284209832,0.036210619068204636,0.4752881965228888,0.037145146293280806,0.2590794135538675,-0.039820103274940566,0.2544893566274804,0.18045045992559078,0.021464170101703095,-0.1524062546660454,-0.24369777279941746,0.04279023820322947,-0.009603430308022798,-0.2718233926281867,-0.1503134225416245
0.07880389997890291,0.0530029982402367,-0.6222742773523217,-0.20818621315119956,0.0049799931573061805,-1.0466785404253944,0.27078895672462067,-0.14891640702259817,-0.5629033250558595,-0.23595727160587332,-0.10717153159707346,-0.6622709667287776,0.10902706001808626,0.035618965486412114,0.4754213581609932,0.04788744595080008,0.2606165618677161,-0.039405213247772464,0.2618309142622226,0.17800194067344152,0.028268984269328445,-0.16208650580308914,-0.23990373309808416,0.04519703122520502,-0.02196919820528742,-0.271638482392229,-0.14930943840299338
0.05443211824419114,0.05503838702716744,-0.6234150858095129,-0.2404816050934746,0.005664299249163894,-1.0421949895888454,0.28850632321340886,-0.14542940837682222,-0.5541393419916951,-0.211684247381134,-0.10779423039268413,-0.6837591291752851,0.10835021406480538,0.03463777456530566,0.47576547172484873,0.0575335662652412,0.26305372059810567,-0.0390471839519162,0.26781465098911594,0.17589663478861942,0.03418046163584121,-0.16996759758980806,-0.2360389751331696,0.047850205114816635,-0.032099651080841785,-0.2707449903639808,-0.1477530738981998
0.03024467303079814,0.057437785839163945,-0.6234006833717295,-0.27231416457356183,0.006429234839990515,-1.0364924287246056,0.3048412149680888,-0.1412859217047388,-0.5454150480017249,-0.18661504107960858,-0.10806558204343636,-0.7059624247709482,0.1088771986341237,0.03343371425011048,0.47575370216631296,0.06649131925912366,0.26493838738051834,-0.03834108063676234,0.27336776189499323,0.17379065935680213,0.03957560201990762,-0.17944248357051795,-0.2322267550088927,0.050350226207774185,-0.04355936791300952,-0.269539995294643,-0.14615988016599601
0.006237247047728989,0.0604529841392733,-0.6227636384615705,-0.30224275853402527,0.008836536201188471,-1.0313763414270536,0.3183044194878615,-0.1364302340499184,-0.5378078325590187,-0.16177721748706952,-0.10699864436506012,-0.7303271981594797,0.10988290497977005,0.032146111359739,0.47558872575024913,0.07456537486978676,0.2677831825901544,-0.037721549423201495,0.2779364264616484,0.17280756883016674,0.044720117488086686,-0.19005909502228358,-0.22831267686221166,0.053591024542877896,-0.055952773075706785,-0.2678285845501169,-0.14370750150839928
-0.016245191376148327,0.06424817100298368,-0.6211266741024803,-0.328556838518117,0.012776528601688054,-1.0268366908067832,0.3300627233358224,-0.13054093351571885,-0.5310295670855223,-0.13581085699090178,-0.1051648027712968,-0.7562542591268533,0.10925351934579108,0.031455236284387234,0.4758472325988903,0.08165901333519354,0.27136730317478985,-0.03641342063308528,0.28168562171617517,0.17240314722017427,0.049448282433938395,-0.19956473527080454,-0.22442153371639462,0.0563211069673939,-0.06713831673528659,-0.2658421637826072,-0.14172004029048835
-0.03815520926819449,0.06711408152265046,-0.6195197786693135,-0.3528051156926786,0.01675773297949142,-1.023559612243536,0.3394629994608893,-0.12373352850002547,-0.5246178374248645,-0.10915237376213738,-0.10370449827765177,-0.7829807365017768,0.1075416935364637,0.030219681043081398,0.4765119909077913,0.08660701363566292,0.27472261004384985,-0.03391385599115515,0.282944501145193,0.17136324761349173,0.055222070964326075,-0.20912507328807006,-0.22090577250080912,0.058806871912412184,-0.07872291573250978,-0.2641884476771755,-0.14017706779850148
-0.060580230763896514,0.06945097146180008,-0.6171825504901389,-0.37724437849310744,0.02095456653284651,-1.0198740314257575,0.3462418045862028,-0.11707688413182028,-0.5189776747666226,-0.08223127511414718,-0.10259314481309402,-0.8098545284874984,0.10613887143945333,0.029164814794874035,0.4769379792777173,0.09378533888526164,0.2770274847689403,-0.031417679320367986,0.2865556437032961,0.16946922065628056,0.06049319968321476,-0.22019389493943287,-0.2175790218743135,0.061019735130884545,-0.09171927040775785,-0.262489331613163,-0.13885536551712052
-0.08329848738392731,0.07177432778317965,-0.613173572152503,-0.40145275631916455,0.025364471349754992,-1.014935316162975,0.3513277235425246,-0.11124371231619656,-0.5146642120486143,-0.054299182903480014,-0.10194777359448765,-0.8368267503013378,0.10337681587831216,0.027592104288829234,0.47761087073887865,0.10006639501621772,0.27935250536749756,-0.02926866096946501,0.28905987211005957,0.16757618431260518,0.06541132606681876,-0.22988657359637465,-0.21402882210097998,0.06448197325674632,-0.10291745989587153,-0.26062448138625505,-0.1359685434059048
-0.10486060775558914,0.07411655118236901,-0.6080304398970878,-0.42252577106197364,0.030330578455712087,-1.0104731627535593,0.35515319634021025,-0.10575657440939443,-0.5115768435666012,-0.024686854271171343,-0.10074881958159776,-0.8638619001702541,0.10275107409295803,0.023922052896351194,0.47802048387084617,0.09958673386003669,0.28443011947171687,-0.029326067465477612,0.2849967270479915,0.1686567512654172,0.06760917853920767,-0.23550661040668186,-0.20886495066360553,0.06970206794729084,-0.11026353737505912,-0.2574804186171164,-0.1313537199865591
-0.12604074295393142,0.07590708973905791,-0.6021728080991933,-0.4416572208287377,0.03579809126778951,-1.006605768800662,0.35749891675708123,-0.10103369542478052,-0.5092798115267783,0.00606848516010583,-0.09926251393586058,-0.8899395249544118,0.10112465554169758,0.02275067137978509,0.478428501824947,0.10473606003622637,0.2864008913274654,-0.025806355201763553,0.2870734923951367,0.16645922189184,0.07188620834087622,-0.2447841619077975,-0.20587191174674846,0.07000914849982087,-0.12191340010615082,-0.25687027255509126,-0.13191822462623537
-0.1481564354462177,0.07702418059417215,-0.595355762902827,-0.4612224511206202,0.041496038444761046,-1.0021922577154092,0.3580177397143083,-0.09723104611923461,-0.5077831325845217,0.03723925092128688,-0.09779652127715513,-0.9146112831943611,0.09921885356977422,0.02039708277150364,0.4791660798805908,0.10498618567121665,0.28977160607122676,-0.023579530919732417,0.2846193671054943,0.16575655801004435,0.07403690345460978,-0.2527536005221547,-0.20225427052689576,0.07285049968011892,-0.13230625243432592,-0.2552133530709825,-0.13002998938460708
-0.1708090180054751,0.07782028061573079,-0.586124049811224,-0.4802103150048078,0.04531392776151521,-0.9960053582475447,0.3571421682950997,-0.09488725038379883,-0.5073790176601816,0.06934189900022303,-0.09724084584434058,-0.9381617568052356,0.0971439794475073,0.017986187752419724,0.4798839683386924,0.10397931925909276,0.29427456374780525,-0.021605139723064992,0.2809726875509072,0.16635463642663492,0.07579414185869204,-0.2604088235597126,-0.19777326189330097,0.07706376374062707,-0.14215713355752335,-0.2525554641439956,-0.12662268415572808
-0.19440591904639937,0.07886901495081189,-0.5748045623461722,-0.4990673902602205,0.0484936702563222,-0.9883831388691142,0.35400955744480056,-0.0928511544936276,-0.5090394752807471,0.10095032980781327,-0.09725107766338484,-0.961090325016684,0.09486617923213436,0.015757692813945796,0.48047010586247807,0.10398423404980428,0.2976905383858851,-0.019111905687391184,0.27849718614844543,0.16599849228021962,0.07773444075943381,-0.2673905509364072,-0.19437542127632118,0.08011964188498855,-0.15104891557910172,-0.250854174117213,-0.12420239630073837
-0.2199211715431586,0.08108040770201587,-0.5607471955969601,-0.5183389113777175,0.052598004068575,-0.9789865024555066,0.3492976975463369,-0.09025916204842581,-0.5123826644705919,0.13265594725575724,-0.09654437368818478,-0.9829516295636891,0.09272371786428268,0.013239655555640354,0.4810185912899403,0.10288955292140667,0.3010479100558594,-0.01699974071378829,0.2757866899744986,0.16609078361979285,0.07823646196534884,-0.27328036170104864,-0.19112537888431155,0.08354014939999033,-0.1581203171608645,-0.2492761022338152,-0.12098216831589315
-0.25229176415353427,0.08535009607644248,-0.5406020580661476,-0.5377292771235618,0.05914959437284182,-0.9679514145254586,0.3433998718070995,-0.08854862099963268,-0.5164851294139663,0.16427039663382248,-0.09622688116855967,-1.002553003489219,0.09095058449050164,0.01011349078695973,0.4814849875005869,0.10136635650520953,0.3043396329900257,-0.01560715893351694,0.27276195803587167,0.16614861235284611,0.0776857661410828,-0.2768650221218818,-0.18855935435642923,0.08684378270169657,-0.16271292608176413,-0.24815508669667125,-0.11782758457991038
-0.2614751021922689,0.08688761329980572,-0.5338863039152025,-0.5563386216645202,0.061729441409437785,-0.9548507725319662,0.3368833757642331,-0.08679466082624844,-0.5215895418104713,0.19549253501033304,-0.09559011255095037,-1.0199263485415966,0.08988278903135527,0.007123556780614654,0.48174304726125805,0.09998874320450224,0.3067613346948448,-0.013925029016364165,0.2699976349741904,0.16550834069237033,0.07729639764621954,-0.2806131786561067,-0.18649252720442835,0.0884321953898688,-0.167493209711144,-0.24742024592079162,-0.11641996263233723
-0.2708326978215555,0.08865305496897317,-0.5263520942165465,-0.5750092871349023,0.06407944933610454,-0.9406723242151817,0.3296822295781884,-0.08403944680860269,-0.5279503184964278,0.224858281680676,-0.09454785753930213,-1.035207468287543,0.08901016255823169,0.00492871873126469,0.4819553057662038,0.09668600932943405,0.30934213933180216,-0.012161524824447323,0.2663714096144577,0.16597720058863263,0.07632655090927098,-0.2839296747507053,-0.18392970420277457,0.08975267681314558,-0.1709646279856124,-0.24611077051558994,-0.11480815553265344
-0.2624075906995058,0.08665323547342743,-0.5311269228604258,-0.5929836449345693,0.06309228723258717,-0.9247674525961112,0.3217763184851651,-0.08065529573379861,-0.5344647806508517,0.25238652763951397,-0.09255135744764462,-1.0477403824528546,0.0882590531510512,0.0031595686099626166,0.482106690031207,0.09322716489599292,0.3117498347738111,-0.01085761095242943,0.26343019818919866,0.1670151592496209,0.07434556643243728,-0.2848361236063821,-0.18184051075007834,0.09086008236879084,-0.17143799735797827,-0.24499146710962638,-0.11316330502263039
-0.25319709910774046,0.08447992880387435,-0.5354903942137945,-0.608671436512778,0.06271976263807318,-0.9069106456556192,0.3136181486319204,-0.07750013319226318,-0.5413717926490624,0.27724888122088653,-0.08989881493438118,-1.0580262727826943,0.08718391471334919,0.0014940776378374668,0.48229443893184687,0.08815330354572326,0.31357259111681407,-0.00904825193896297,0.2589911750119974,0.16734508632794032,0.07224577486418227,-0.28500872517921805,-0.18066295979365554,0.09085389959041379,-0.17115405476148415,-0.2449674170592393,-0.11255399536032895
-0.24548075300681604,0.0830151856234711,-0.5386296817417089,-0.6233211965969895,0.06480454516260854,-0.8874756138203392,0.3052505866440446,-0.07392128743071033,-0.5481276182620269,0.29756392287878874,-0.08647765289654004,-1.065999760445365,0.0854846474987635,-2.075680507617958e-05,0.4825840202597407,0.0814578811424661,0.31490812633003823,-0.0067885135025334,0.2533188869480263,0.1674825907659949,0.0700638542224361,-0.2853596592697073,-0.17960236187342105,0.09044962783238697,-0.17039736156345886,-0.24472962147843771,-0.11207155893799792
-0.2383420678577245,0.08165898436532609,-0.5417039882496157,-0.6380003568320257,0.06898909275426884,-0.8655885949646003,0.29710351997201684,-0.06991241174502542,-0.5538576696098719,0.3133995729393526,-0.0823057155137009,-1.0715343519536824,0.08635212340017406,-0.0019612511566891346,0.4822239904379382,0.07596195367127845,0.31593691656342915,-0.006656564005988352,0.24943080575075116,0.1679232516465947,0.06529684198632624,-0.2834991776557084,-0.17856909844491572,0.08868274887061789,-0.16727930807752545,-0.2442345314521891,-0.11294491230622028
-0.22867358533167914,0.08018004296953854,-0.5457015944820868,-0.6485875114335973,0.07408228079733371,-0.8430626957182543,0.28931402511483173,-0.06663363337296331,-0.5598538213641293,0.3242878134884212,-0.07778512763255219,-1.0766330595942355,0.08691806448998196,-0.003174443574381604,0.48198702109162816,0.06918583846070847,0.31577290018655546,-0.004807317792136612,0.24495453205942136,0.167758644367829,0.061328351122664326,-0.2814418109548191,-0.17884191106789246,0.08536452866888511,-0.16393530860292416,-0.24478056411582486,-0.11542649918767278
-0.21537559625379699,0.07840376960574444,-0.5516389452772784,-0.6535646403440504,0.07538801001220335,-0.8213976882302476,0.28152699363637207,-0.06448856663853118,-0.5656553318744555,0.32947899950014925,-0.07292891963625757,-1.081443726798212,0.08565847710467545,-0.00453235792536736,0.4822004450474042,0.0605239618951573,0.3151218094695971,-0.002303437778577999,0.23886919486666852,0.16721119112629151,0.05679146162412918,-0.28019932839808304,-0.18034989623704079,0.08245815923388,-0.16108972579379266,-0.24595123794848922,-0.11749705440545033
-0.20105574045190322,0.07575467321872659,-0.5601672967390123,-0.6557897847003197,0.07763154825115606,-0.8010032137194623,0.2725783651441461,-0.06309719117542349,-0.5691788914118564,0.329483289581358,-0.0664059087028233,-1.0841149891232424,0.08584402309100658,-0.005648697654916695,0.48212097982745816,0.051555506991854405,0.3142980868000499,0.00023109462413817283,0.23265962315977812,0.1667616619690083,0.05132984933388962,-0.27820132074304593,-0.1824367114237551,0.07803892615804497,-0.156776142065287,-0.24757450807183767,-0.12067120030598755
-0.18550854614694867,0.07295743342759843,-0.5688122469919817,-0.6551027671737075,0.0794393652611148,-0.7791162286570927,0.26354356294757275,-0.06315441387139052,-0.572194673739459,0.32584604207645607,-0.05996315519897359,-1.0865063688481662,0.08516270957697536,-0.006840412834369005,0.4822393680717496,0.04287882987338665,0.3130120766050108,0.0025819570862355423,0.22725501210338467,0.1668293789335817,0.04515921164276859,-0.274871591686462,-0.18487903866395894,0.07355419929265183,-0.15023409072369764,-0.24941449004381347,-0.12335539874004886
-0.17020383722867682,0.07057149314442547,-0.5756047102896676,-0.6528733424586067,0.08046426998493081,-0.7537080349461741,0.2533637938844633,-0.06372187433651674,-0.5769280310967945,0.3165970451577375,-0.05363008097813076,-1.0910369829769708,0.08458662303493159,-0.008565462035286353,0.48231688391375904,0.033040078833722064,0.31092278752378383,0.0048228112968977666,0.2209492790981581,0.16683699675250843,0.03808236077631966,-0.27174387874442885,-0.1888371641571003,0.06908809890057155,-0.14306478792356037,-0.2523833773791697,-0.12553022320475948
-0.15445987884404178,0.06951468464390001,-0.5827152529220153,-0.6480068278372676,0.08131191992210694,-0.7278384659015075,0.24396447029505136,-0.0641756858313374,-0.5804430803760436,0.3024006029619821,-0.04699965754860499,-1.0949316664636992,0.08538343772239604,-0.009899206264993018,0.48231329269641,0.022745622708335578,0.30861912730295593,0.00827957232924148,0.21388898524302885,0.1668204303840367,0.03139071225796597,-0.2706187524117305,-0.19334256462945984,0.06387262490983359,-0.137446198233527,-0.2552298258591327,-0.12824129608390433
-0.1346365728216693,0.07011500724524983,-0.5916558343649256,-0.6359358895936069,0.08193393037737172,-0.7071886029901416,0.2356256682227022,-0.06359472277271756,-0.5826180845027099,0.28383381105152694,-0.03840910199990833,-1.0978364481451512,0.08572494231350347,-0.011063131152094905,0.48229196457303214,0.015286462699270142,0.30687162654505606,0.010835561076498745,0.20919947226496594,0.1675748216210679,0.02390939513237389,-0.2668734451783248,-0.1976761165282942,0.05851241761044501,-0.12894337778429832,-0.2577912163615795,-0.13078679582996489
-0.11770793288066178,0.07268179550152518,-0.5979329711341748,-0.6254414097701808,0.08231853850173339,-0.6810134272971637,0.22863326431474357,-0.06305848663097831,-0.5850708007125518,0.26254840914882305,-0.0314472389008526,-1.101073508778061,0.08499851393627478,-0.012547603564567706,0.4823294585769371,0.007414223389926589,0.305287508642809,0.012785944022359441,0.2038275743898788,0.1689448591316317,0.01582859928045477,-0.26015779369536857,-0.2029879079393948,0.05326842253860664,-0.11572559827175127,-0.2613229056243095,-0.13168857218897734
-0.09721965309349623,0.07698065678355075,-0.6046640431642654,-0.6090580008324092,0.08160164658198182,-0.6574718532249416,0.22335624421948783,-0.0632056464972871,-0.5864418567267364,0.23559895990851007,-0.02391435440906954,-1.1028860580125164,0.08544101073253951,-0.013882714414597578,0.48228847070903136,-0.0011584028338444963,0.30266642336070687,0.015642903346494652,0.1978498862964202,0.1703183159988911,0.008128942142970663,-0.25460375538822655,-0.2085380583871329,0.04666912958183711,-0.10190392166776585,-0.26485025399109857,-0.13217275124155603
-0.0755832306088659,0.08572505530551788,-0.6118998200861253,-0.5895901961305168,0.08180794115667579,-0.6357746641315112,0.21848629636910952,-0.06232098759035606,-0.5862693712176423,0.20316672592784563,-0.01696310640636898,-1.102133962112487,0.08708353557732534,-0.015110379838455772,0.4820908151177592,-0.01150101097157985,0.3009798424405431,0.017833846755504368,0.19007613881015964,0.17374262409531935,-0.0009843155197502007,-0.24595817517421614,-0.21388880226679488,0.03967847657724066,-0.08442434148871741,-0.26790900295535364,-0.13196463986171802
-0.0533797741262802,0.09475874878566887,-0.6183286216370999,-0.5677828427061951,0.08319429991589679,-0.6116758685131707,0.21711570093177007,-0.05889947841323259,-0.5841127332168861,0.17273982356045653,-0.009124449056359452,-1.0978845996353963,0.08900350424144282,-0.016515077582705148,0.48172501687852765,-0.02488108406946471,0.3022173221038798,0.01830485173746399,0.17774307304243994,0.17876924072663952,-0.011373464197679706,-0.23161752779367434,-0.21798666890669088,0.03467929241145917,-0.06192662911683222,-0.26921964017171574,-0.1297983732153587
-0.030800811692153263,0.10703422701160756,-0.6227390751873216,-0.5439334714489923,0.08521471436678725,-0.5910011652839149,0.21671022282823582,-0.054158110661353676,-0.5824152163429924,0.14236002863133748,-0.0029637803784900406,-1.0925715570199301,0.09082585726502795,-0.01712481527440449,0.48134120367413424,-0.036300982140302696,0.3024072431314765,0.019739813150859487,0.16735119249096272,0.18390694398584767,-0.021006366401717713,-0.21809026426428263,-0.22223805290626786,0.029026312695529244,-0.04025248415288124,-0.2699265090996345,-0.12772908925089999
-0.007573244307746363,0.11956585071263733,-0.6253483712099607,-0.5183212122191057,0.08669459466754863,-0.5720144573590384,0.21824957750202167,-0.049773126883948526,-0.5804693080619178,0.11385701193641631,0.0007995224979356723,-1.085397919008296,0.09175146007257273,-0.0173638804488055,0.48105433853535473,-0.045023277575086285,0.30052311593797487,0.02225715890634805,0.1595181125091505,0.18778912024432834,-0.02903266693787554,-0.2047498356434203,-0.22676776555424624,0.021884060373767777,-0.01855995804475058,-0.2703281208089509,-0.1261312964589636
0.020008131996601564,0.13114885588924458,-0.6271433926585714,-0.48819142374831703,0.08788839569650347,-0.5589506020513384,0.21810895464585306,-0.046307074179752175,-0.5790739751726508,0.08593645452477464,0.003944497961173691,-1.0774849626841823,0.09387279504697404,-0.018253464626107822,0.4803364999516171,-0.053242310975885054,0.29770680230425783,0.02503992319317172,0.15193286612826928,0.1914232060269156,-0.036472060520667426,-0.18913331355018392,-0.23187518520784706,0.01446077349272512,0.005379709178725156,-0.2709667131563669,-0.12377546401378914
0.05307009243810934,0.14218581842639888,-0.6278014141442791,-0.4530735107237099,0.08936430890748938,-0.5515318023926987,0.21490482935245672,-0.043724547737296685,-0.5784603183842973,0.05821252811248245,0.006909192313926633,-1.069675189763063,0.09650329716923661,-0.01940728591205406,0.4794957552390564,-0.06199052228537083,0.2940838314968982,0.02874729460334291,0.1433678066045856,0.19447661887697626,-0.04254884994453523,-0.17426889647174215,-0.23734651053013148,0.007195858276176859,0.028073488759151805,-0.2718722689411942,-0.1206253139671487
0.07532524714995056,0.1542703075812589,-0.6284251242773575,-0.4277554576837309,0.09048753463744413,-0.5410748245304974,0.20525070732263026,-0.04458475862159784,-0.5782214969483993,0.02616738341397548,0.007148022821081918,-1.0616066282724221,0.09793422734943714,-0.02118140507107725,0.47898311231312185,-0.07257726110003301,0.2904121874439216,0.03345643247099939,0.13225067481667818,0.19717907746890084,-0.04735126611189,-0.1600780650548613,-0.24356479423067617,0.00025166780918750575,0.0492982659236674,-0.2733525798984102,-0.11699576619014218
0.10571356088096583,0.16457663978317982,-0.6264245365355716,-0.39648276665638615,0.09232746373080164,-0.540590873360968,0.1897542112563838,-0.04715925411304316,-0.5808806229262963,-0.009897736706043325,0.005378438580483161,-1.056051322027535,0.09954651297814834,-0.022752572291505478,0.47842787203852666,-0.08346019681722558,0.2863255489417391,0.03842894297633048,0.1204364398018232,0.19952224973676533,-0.0513938219574499,-0.14388616952490793,-0.24948097970813338,-0.006774146806097114,0.07161069058844895,-0.2743397012180367,-0.1136192130217244
0.1257024959048087,0.17266876256204508,-0.622892538216805,-0.37533293254277944,0.0933848098953884,-0.5364861330368925,0.1758351624006078,-0.0480478753719685,-0.584911630395055,-0.04065067964479324,0.004943407207087063,-1.052601813024145,0.10198832754060908,-0.02361178595781058,0.47766086643991246,-0.0924528791970182,0.28254407074811483,0.04268611959885105,0.10992841586036076,0.20166477192499652,-0.05568628867987635,-0.12608114137902804,-0.25451738954805403,-0.012974435976390808,0.09484186577205761,-0.27406187076055283,-0.10932670161607416
0.1550680224202088,0.17871030652771283,-0.6159707411083801,-0.3471023397432038,0.09568728298333765,-0.5403359773258487,0.16105057130130743,-0.04686845631309041,-0.5897017182430525,-0.07012688232370129,0.005645706085316615,-1.0503616258171344,0.104515917499054,-0.023440159460388868,0.47705534349784795,-0.10139230183018516,0.27920603292690527,0.046973661809372125,0.09902008353942468,0.20382936953305975,-0.05946887989201577,-0.10994885738704646,-0.2581992466829777,-0.01817330004387485,0.11572540625445306,-0.2723097541330861,-0.10387476582954203
0.18531393637919424,0.18254983320630258,-0.6071488308181016,-0.3188393962137403,0.0974686735605026,-0.5490185798726077,0.14585238613629742,-0.0453289676086952,-0.5938106716442547,-0.09895440388634547,0.007254544337136504,-1.0473665255292677,0.10655422632095901,-0.022841506053032083,0.47670819001374376,-0.110990871735729,0.27687418117209694,0.051732294199767326,0.0874130652600215,0.2060283197817002,-0.061376158120192814,-0.09515548171885063,-0.2615962266644347,-0.022760664998208835,0.13455165749841297,-0.27037832941584733,-0.09779549552596256
0.21229641217397383,0.18610307818109895,-0.597677113160457,-0.2934057324847129,0.09898548875961058,-0.5594099070014494,0.12877835698331636,-0.04386262220387214,-0.5969054103600726,-0.12916298378531593,0.008716086674888096,-1.0431228986527594,0.10762785948603315,-0.022110778059499618,0.47656302715101684,-0.12029960437116195,0.27428992965910404,0.055683791160035856,0.07669320471612204,0.20767179044278947,-0.062352800509811956,-0.08102743466511174,-0.26485151359977815,-0.026518479880943246,0.1520113988166341,-0.26826113884926317,-0.0909699924587688
0.23931488670278386,0.18563485479461184,-0.586942967488411,-0.2679232301322832,0.10012759963830442,-0.5732859285900573,0.10940583467749718,-0.04303966803702719,-0.6000408592399471,-0.16151568335379193,0.008640508979891205,-1.0386055558745861,0.1071940727365715,-0.021422446081891908,0.47676151620792573,-0.12961370852403423,0.27235333994532734,0.05986334161521234,0.06634405447119965,0.20911593684440818,-0.061702962304637676,-0.06798976614867976,-0.26769345270740463,-0.0295339381146007,0.16782747818790494,-0.265433038014796,-0.08299269537065168
0.2669100505859512,0.17808855501353799,-0.5745069648094155,-0.24140445065198543,0.09986595912958936,-0.591421629766973,0.08810679230942499,-0.04319976123471629,-0.6040367476030422,-0.19542433321452257,0.0075057842862932996,-1.0346727322532467,0.10602691468783032,-0.021352644652097373,0.4771787283895019,-0.1390820791268525,0.26960893975774564,0.06393616894168508,0.05599770967599353,0.20901590376894646,-0.06035840160777539,-0.05635088715714665,-0.27100972857459626,-0.0317390954913821,0.18137286228447355,-0.2628884719857874,-0.07526133200653562
0.2830708433414834,0.1735054421279035,-0.566795539587815,-0.22461540466465726,0.09992762379563556,-0.6071624914312898,0.0667143403674138,-0.04441156589776417,-0.6061085314226794,-0.2265149675743298,0.006646452812452705,-1.0301580031267537,0.10577400589663863,-0.0213624547636132,0.4773625176846965,-0.14814760050348902,0.26700670732667353,0.06687092418710927,0.046461841596384244,0.20894497394062927,-0.05935419391369434,-0.04303993405347722,-0.2751477374035027,-0.03369760042777603,0.19589345643682288,-0.26046698385999373,-0.06787407351452068
0.30147552228234026,0.17024753094310233,-0.5582657358230422,-0.20368879349670005,0.10054678701199686,-0.6271085489930949,0.043640030840807684,-0.04695828599290516,-0.6065005168884773,-0.2560710867745552,0.005742255243788866,-1.0257906332687954,0.10638739177567745,-0.019483050645287638,0.4775450482888477,-0.1571613984180505,0.2655850697126722,0.06903521356941011,0.03757568185436452,0.21031761263414073,-0.05824305650378614,-0.030930942388111393,-0.27809402918365655,-0.03506341997545537,0.20869234697612965,-0.25604426573446765,-0.05887955010905421
0.31674511538389283,0.16449415327235647,-0.5512132793247715,-0.18429451843262593,0.10092400448594843,-0.6497355310981908,0.019206665238953147,-0.04971375570084971,-0.6063212969079703,-0.28645755388675753,0.004110182782229049,-1.0211473707697158,0.10561927511416011,-0.01742671805546978,0.47814062262695156,-0.16751304732238584,0.26414632369792046,0.07105856707750213,0.02750484642779563,0.21188946679654017,-0.05705865386413955,-0.02290687565194524,-0.2791884701870036,-0.03495920300997302,0.21680027443049577,-0.2507905801646556,-0.04933845786122237
0.32891077225513776,0.15631506941512677,-0.5452680715731608,-0.16605513949373768,0.10021769809575119,-0.6743042823974204,-0.005484588891181835,-0.05229179882655258,-0.6050884802353639,-0.3166573324915664,0.0012349966633099438,-1.0158374407549333,0.1038387993060493,-0.016686794889998125,0.47884387910942783,-0.1779304377900459,0.2613241339880739,0.07333889127433668,0.017394544134795548,0.2119121819028941,-0.055437623296333616,-0.017531862728478342,-0.28076435063792865,-0.03413892146249187,0.22183234165762825,-0.2471799667305857,-0.04118077807952347
0.3418087206881778,0.1457872563887801,-0.5374803678707875,-0.1438089167362685,0.09865050691475587,-0.7010106391894164,-0.029454177709563517,-0.0548370462953716,-0.6034476328984538,-0.3469244918136374,-0.002954998686283957,-1.0095623402923872,0.10135965880510336,-0.016176595448972594,0.479571737158603,-0.18759507747928666,0.2572765470775818,0.07617584210050632,0.008320646702606932,0.21110695137390117,-0.052906216019980246,-0.013341058768804759,-0.2833518417626003,-0.03363298669927195,0.22531669354179892,-0.24443193954918968,-0.03429586089062764
0.3541553824989231,0.13471735999634235,-0.5288842995562578,-0.11740075426472159,0.09756951403054845,-0.7314759084320224,-0.05331760007419478,-0.057927860483183914,-0.6009068032070898,-0.37640766461019814,-0.008210936586854331,-1.002838812929529,0.0978052476458052,-0.01586938595322817,0.4804530569255754,-0.19656122038298973,0.2527288066855721,0.07846007372125263,2.7370350767608187e-05,0.21039421897306154,-0.050913373918921145,-0.010171135472091725,-0.2856979854220883,-0.032833436838829,0.2275414922458028,-0.24165638162344075,-0.027757544134967782
0.3595795904017854,0.12590352990310258,-0.5246671176711601,-0.09879442417305359,0.09721715204423663,-0.756742250018652,-0.07563794093933798,-0.061396378779177765,-0.5978590024764359,-0.4026215700770974,-0.01420720862852155,-0.9969369287759291,0.0941143827670593,-0.015010082076622518,0.4813025520589962,-0.20440062130465708,0.2477245472974874,0.08067890564815472,-0.00734205793448367,0.20912529587890302,-0.049147134383057844,-0.007159358547894623,-0.2887084400025097,-0.03206486017525956,0.2293102118688169,-0.23917199654878668,-0.022014787273212377
0.36324247815562627,0.117315423558826,-0.5211420754412509,-0.0788734200088127,0.09691205966073789,-0.7836411190549676,-0.0980161982627751,-0.06456314861528499,-0.5934535992845439,-0.4269668400023621,-0.02043644036181001,-0.9912633674915823,0.09065575768545908,-0.014306470587996764,0.4820222735850286,-0.21243661524668456,0.2421252226614911,0.08312220871512133,-0.014985541772294386,0.20756502526172918,-0.047244376793889264,-0.0038279845632177567,-0.29273687743808224,-0.03099116094093901,0.2310585720299958,-0.23705940916652923,-0.016812092315047433
0.3675658921231888,0.11047743333051609,-0.5169055743181017,-0.05373038875009195,0.0973780145411401,-0.8120773235014278,-0.1190322718652092,-0.0666419674287394,-0.5875660025268905,-0.4479958225202997,-0.026156352330258776,-0.985752139997301,0.08819254613859323,-0.012577125884269447,0.4825091562545094,-0.21915505757704512,0.23705958630265136,0.08540995209236746,-0.02093109384950015,0.20730921493879706,-0.04497009195437873,-0.00010557684100387377,-0.2956486238212152,-0.030008575272923332,0.23310689143150953,-0.23411418495168687,-0.012740732220050122
0.37249031652103526,0.1049787438428642,-0.5123513152010517,-0.02261688908118048,0.09830629969811422,-0.84194847407316,-0.1416966864200153,-0.06876817123771303,-0.5791359486239349,-0.46804312239400825,-0.03200728729943551,-0.9798290280528916,0.0857394131803994,-0.01052166074750837,0.48298226148270484,-0.2255513205787582,0.23271268010371038,0.08735114305631941,-0.026682990947006158,0.20743545464338825,-0.042991595983040254,0.002542437164732514,-0.2980943157480051,-0.028742455228900177,0.23417934944965002,-0.23133271151234996,-0.009770107049625665
0.37393686607776455,0.10026984076372106,-0.5098896257737334,0.008023986540820482,0.09903959873601277,-0.8716834395126605,-0.16669696945887674,-0.07160878666357638,-0.5689777864448323,-0.48864327432727356,-0.03829705110935945,-0.9735135794459737,0.08234720971607423,-0.008493135764936328,0.4836779963222646,-0.2326657601050581,0.22825416760893447,0.08970649449739065,-0.03378582610627168,0.20673246892100555,-0.04129109561785582,0.0023999366149852763,-0.30093884784488956,-0.02711660968161378,0.23247204762390672,-0.2293082483607016,-0.006902706498932432
0.3729499332159245,0.09574692769651139,-0.5101661231686443,0.0367147073559167,0.09917486073300752,-0.8996820210883429,-0.194397034074974,-0.07621777513160635,-0.5563823745317219,-0.5090288854592395,-0.04592105671793761,-0.9668664908029649,0.0780965509692777,-0.0066475631739243285,0.48449637246539434,-0.23990172300481596,0.2234252333813469,0.09147657042758572,-0.04076094421053045,0.20553853719954493,-0.03967142459591111,-0.0006848608286921798,-0.30413260160171063,-0.024714279869401112,0.22776574954307083,-0.22753811101840174,-0.004310271403003885
0.37003365082892725,0.09047023264840279,-0.5128032357090229,0.06356828863463104,0.09845091012104776,-0.9260874032359421,-0.2275765008829409,-0.08336494707147664,-0.5385712735313721,-0.5288145099243228,-0.054671373284291475,-0.9590955219347368,0.07431354935204437,-0.005731132183267516,0.48524785836358575,-0.24863647363342112,0.21834958153155257,0.09273288580721584,-0.04899528598068381,0.20419285388686145,-0.03810962843328736,-0.00390509287100943,-0.30730507344895963,-0.02204939878361878,0.2229764287591115,-0.22615763770928177,-0.0017370935446694435
0.3651908572567403,0.08603820128376202,-0.5161858220827887,0.09104093964087356,0.09832350723772836,-0.9514781451199096,-0.2513838866957785,-0.08982271251312685,-0.5232069278900476,-0.5466254238221361,-0.0628879923096693,-0.9480778004689269,0.07183922751088845,-0.005544590897298543,0.4858332829649332,-0.2571929278568219,0.21391004445701428,0.09272752477906177,-0.056857375146216804,0.2030389377092221,-0.03736577111274131,-0.006767410144424502,-0.31005464272245364,-0.019024263176661727,0.21836872189401524,-0.22422854909528014,0.0014775570331222454
0.3606415168316941,0.08362338988187212,-0.5187314835198495,0.12384910467257049,0.09940089962526154,-0.9753154695469367,-0.258685258952906,-0.09252160354502906,-0.517668310143168,-0.5622148268775301,-0.06849886116042879,-0.9368353556118275,0.07049880314466095,-0.004059081617490995,0.4860951886077083,-0.2607633486534331,0.2110608880924468,0.09269948776380299,-0.0595996288136168,0.20289592905873685,-0.03630931636197565,-0.00757224918390631,-0.31227222594813575,-0.01690583043011684,0.21562708474577896,-0.22148941241727468,0.0034229430009142803
0.35791568154017606,0.08169118082171917,-0.5199986901347218,0.16457485082728274,0.09944046436866313,-0.9965412366917326,-0.2661496900518445,-0.0943292175935554,-0.5125751953855122,-0.5773057098829235,-0.07234212753306114,-0.9262257749290007,0.06950298176152725,-0.001480172932793216,0.48616451721421927,-0.2617840955225265,0.20882787572858164,0.09287127168386067,-0.059518486899277634,0.20301791023470173,-0.03453221393173944,-0.0061889112636109855,-0.3133228989828328,-0.015523788165293873,0.21546982360032207,-0.2186156921606148,0.003729034040781176
0.3502251056887832,0.07923701842467515,-0.5263541185981755,0.19234019745730302,0.09904164960220371,-1.015709454630063,-0.26885849909208137,-0.09471665451201836,-0.5114953121747486,-0.5945832564542919,-0.0764964240294595,-0.9139623398995087,0.06794416097000555,-0.0002858686346904546,0.486411051071844,-0.26446407090765206,0.20577629372730774,0.09206391815442849,-0.06093174474454832,0.20196837437239165,-0.033382772653261616,-0.007621243152237112,-0.31493024787221424,-0.013717007337060272,0.21302763333866792,-0.21736166280489802,0.002628188890201555
0.34354510913979897,0.07830024962359874,-0.5319075639415382,0.22472992476282283,0.09876276583607829,-1.0321602500492106,-0.24805886502189278,-0.08723693304803185,-0.5246557945085606,-0.6085373959354856,-0.077941793656049,-0.8966465630730138,0.06786498450089617,0.001014186928679394,0.4863621093262307,-0.26441277756888365,0.20362759505837963,0.08989882248904069,-0.05950921731248304,0.20152806506698515,-0.03333633177241446,-0.008114664152280793,-0.3156908337279875,-0.012011933790153195,0.21199321291232875,-0.21642924354340037,0.001117426307821745
0.337261716476141,0.07745862235259313,-0.537570146078386,0.2553537653863096,0.09839581336439987,-1.0451538673963803,-0.23630386359140354,-0.08180310111757128,-0.5313271872249863,-0.6212706138087889,-0.08086652700353875,-0.8780374795716445,0.066822266671825,0.0031871675121702935,0.48635334802252284,-0.26283596486856076,0.20226782388775516,0.08804247728047221,-0.05622712528926321,0.2016465865370918,-0.032328539786045996,-0.009476026667701531,-0.316007448749517,-0.010654748338317033,0.2093932050706182,-0.21368001352781762,-0.0007513990225000988
0.32992053575345803,0.07519949479790095,-0.5447020831399547,0.28196627250173156,0.09714578709832543,-1.0565685319881584,-0.22936347093753484,-0.07901725479966781,-0.5352978734535867,-0.6325190018536029,-0.08720208859370858,-0.8605776440367853,0.06667541335906535,0.005379672701868891,0.48620325483637705,-0.25975629867622696,0.2014159546343406,0.08529854605581777,-0.05146039486856213,0.20148110589211354,-0.03213054952972905,-0.01175223119894353,-0.31569146366657924,-0.009492469529621017,0.20654449226433558,-0.2118187564319705,-0.004040667497780648
0.32221376931392565,0.07159921241093692,-0.5528003245435069,0.3028818434394277,0.09445881238453802,-1.0665047413993989,-0.2224745942905746,-0.07782917466669573,-0.5396061928405372,-0.6416971209392996,-0.09093091220440576,-0.8437264328556717,0.06684736026314986,0.007873572637942168,0.4860374519429702,-0.2552782970482529,0.20130712605136483,0.08137220805305412,-0.045253629278430796,0.20182524041756011,-0.03293505664808882,-0.01481587473315249,-0.31498189065108073,-0.007928651152925292,0.20306362362282926,-0.21009517357672758,-0.00807598056162595
0.31044035721381547,0.0758744617256511,-0.5563957890663935,0.3169585718013874,0.09199377938397901,-1.0706780005447243,-0.21240235576483346,-0.07177302901512879,-0.5413814632528829,-0.6504212632048473,-0.09377746829607055,-0.8171776636257289,0.0640269252782596,0.0071943382104400055,0.4863590566287119,-0.25303896135910176,0.19868792871419724,0.07764211182797576,-0.04151489494765137,0.19945805953524345,-0.03386464359545416,-0.019962871402749327,-0.31711845123873883,-0.005947456722242617,0.19761790567344906,-0.2118290609115981,-0.012690650320320795
0.3019655594778504,0.07685023733067477,-0.5617395330926508,0.3269230483183244,0.0895024311086614,-1.0755542451334839,-0.20331592175253876,-0.06889714904389888,-0.545534124864097,-0.6557145334196214,-0.09589837369860947,-0.7965614795327728,0.06424380378905425,0.009422779869788395,0.4862826107713678,-0.24812152769116957,0.1989103151539785,0.07340590234226907,-0.03493824724060579,0.19968862683232255,-0.03489489841675275,-0.02476422852800786,-0.3165672290608112,-0.00419988521143444,0.1928689300241192,-0.2120091246857936,-0.017471359755439675
0.2935809096673655,0.07881291646873122,-0.5667963910585334,0.33128939307178384,0.08786149294110432,-1.0799091526513283,-0.19240948520352164,-0.06526585729334197,-0.5506049194967508,-0.6570970780535095,-0.09633928796892541,-0.7775590684353517,0.06561262431828452,0.012114451320294482,0.4860688033978853,-0.24334699222010758,0.20097906416494532,0.06892696853144731,-0.0282597083367232,0.20103588160035565,-0.03554425890091917,-0.030558707557734266,-0.3142859932331052,-0.002221938054094208,0.18723933173909868,-0.21118413877288383,-0.022389798966027108
0.2854214907410866,0.07963605251791173,-0.571377446920189,0.33008053329324083,0.08435122098080149,-1.0839902146805265,-0.1784614245254844,-0.06281650143704358,-0.5576339022576462,-0.6544273719388282,-0.09717692219290405,-0.7593368550161754,0.06695662740899189,0.014169142734643862,0.4857761258568154,-0.23714488360200048,0.20297174062601922,0.06336305243034501,-0.019997701897643605,0.20178932334902988,-0.03674930267638432,-0.035797466812235834,-0.3123878915569859,-0.00023758788093619643,0.18199432556659012,-0.211268320926589,-0.028773329265854963
0.2772952724873775,0.07901324774673751,-0.5761411954689718,0.3245924382481241,0.07887378913313808,-1.0885389620805348,-0.1631519106693855,-0.06238939921478294,-0.5651671390794571,-0.6492112700898195,-0.09875605421742979,-0.7407577660697007,0.06749825041966895,0.015611520490333628,0.48561749259173714,-0.22993402662283857,0.2049523771643061,0.05684737436639642,-0.01059588215109497,0.20222835844462084,-0.03833738481008653,-0.0404305812951018,-0.3113961885372477,0.0017472007419618851,0.17740803310564301,-0.2133620273559476,-0.03578095196886211
0.26885511416680097,0.07869017255531055,-0.5807467502005866,0.31513586147392636,0.07392110801051315,-1.0932151502198306,-0.14657034806842373,-0.062188321985961977,-0.5726062958047803,-0.6413232835086764,-0.09914359933445122,-0.7218113329598994,0.06798722849051408,0.017210235508134095,0.4855628206580045,-0.22293633917909073,0.20759726413877316,0.05003074926306694,-0.001389356436432898,0.2029370472215365,-0.039813544343630936,-0.045398805506936646,-0.30968908621439234,0.0036684725275826224,0.17248992027253585,-0.21572970925628085,-0.04290254408453076
0.2621364542375697,0.07940968029477029,-0.5834353277786877,0.3029746756594609,0.06879865666150974,-1.0962785381410491,-0.12860384002327852,-0.062277621488424084,-0.5800963739294697,-0.630735148515484,-0.09821904025607829,-0.7024919057596183,0.06894943614508398,0.018853159353959988,0.4853654277261319,-0.21467345777605218,0.21096612564121545,0.04307054549602829,0.009217747391153885,0.20372523708025508,-0.040577993399768086,-0.050631845306904566,-0.30799758890429774,0.005610262716928993,0.16688565615055917,-0.21839770171010864,-0.050342554039114695
0.257956390945419,0.08025030742120653,-0.5842443591883225,0.2862681264421649,0.06262621713311736,-1.0977386139185015,-0.11095795045803625,-0.06423742901346567,-0.5873638569041166,-0.619074831487165,-0.09721968541130047,-0.6829552202129888,0.06902079733826283,0.020520671680657646,0.4853718803114775,-0.20624327750255944,0.21553569706536513,0.03653435152117823,0.02016060604609282,0.20510423666432792,-0.039684061121487035,-0.05667692644255329,-0.30589648218955445,0.007442189661643894,0.16016033022703846,-0.22095003754032583,-0.057661009874980795
0.25543898784097574,0.08088780051475679,-0.5846930954658346,0.26253307338620924,0.057062341084889855,-1.0986683224947789,-0.09291578328282002,-0.06763839778656246,-0.5935271539562591,-0.6053739236615916,-0.09563163444535344,-0.6643179430746701,0.06897363891473063,0.022639482628069307,0.4854036798275394,-0.19657373644091558,0.22021833351252057,0.02967146968370038,0.03224321724486323,0.20600195803703125,-0.03828054759377064,-0.06208308268002338,-0.30374763638206576,0.008959579306589527,0.15375701294608546,-0.22371018552967653,-0.06506596027001899
0.25232911525656343,0.08093974887899252,-0.585750938948288,0.23025962359726138,0.05251542637566961,-1.0990671261023164,-0.07307343346126238,-0.07163727480215898,-0.5981812256293634,-0.5885163410803369,-0.09321878157063565,-0.6457327799037251,0.06886863397878651,0.024087746797256296,0.48543180876698533,-0.18493824832951966,0.22448347043348993,0.02222632813868719,0.04611882847427062,0.20592821324190203,-0.0364687309993621,-0.06730267429605719,-0.3016973358278397,0.01036163807475421,0.1470886641674003,-0.22674449065669033,-0.07265128815388411
0.2457813839245382,0.08232712212802282,-0.5865237905117378,0.19081696137008697,0.04931035036732123,-1.0970894744369106,-0.05340218443088496,-0.07662725736761115,-0.6021019253713658,-0.5707655086859356,-0.09077476691634417,-0.6254116111788316,0.06743415682235576,0.024581311154038086,0.4856754172584663,-0.17348695116641522,0.2279433618644871,0.015407664538787946,0.059482295527628404,0.20454040230841614,-0.033114617524244716,-0.07463667830379328,-0.2993809359104521,0.011786019329951047,0.13827941424621848,-0.23058323478706172,-0.07990004712409604
0.2480229369478255,0.07769999147457873,-0.5857864712107366,0.16421245892164316,0.04160278573334328,-1.0922065617254395,-0.031703752378450245,-0.08601038972812977,-0.6076670391716412,-0.549681418453213,-0.09123591438647459,-0.6166188045225481,0.06885738566957422,0.026061226877062492,0.4853294060728832,-0.1578366499737205,0.23203357654829138,0.008054800634382797,0.07661625979066478,0.20371152035902076,-0.02944819276617916,-0.08030853534852622,-0.2950746792472826,0.013103070525107174,0.131180752566449,-0.23328032921224687,-0.0865285526143793
0.24557312501221484,0.07427504600013476,-0.5860645670380361,0.13352353338376943,0.0370736009249613,-1.0869133007555525,-0.00981144229608888,-0.09354080116212679,-0.612077046746537,-0.5278585568045218,-0.09095476953336515,-0.6067102643760178,0.06982474638461511,0.027611641953536898,0.48501438831791277,-0.14122710760837753,0.23611336202640557,0.0007558142126284917,0.09412843800807313,0.2026333419366574,-0.025005313094820902,-0.08719069266010426,-0.28995183328279406,0.014900454855762746,0.12259216678940565,-0.235479892216365,-0.09232211947486557
0.23881423088460552,0.07383351584945096,-0.5862382011532872,0.10372693173216696,0.03592124969771238,-1.0813165729785585,0.015104385689463928,-0.09994968942962183,-0.6159640943707637,-0.5025334402508933,-0.08947855936950412,-0.5972627747885643,0.07313952666384393,0.030027571679544656,0.48414645389191335,-0.12160384595687423,0.24060600255604395,-0.0068751659044261615,0.11394889172949307,0.20195129225030667,-0.02092868565624806,-0.0923943832080596,-0.2836827723838405,0.01646913521297,0.11535231407325441,-0.23723640983310412,-0.0982338120157571
